cell,diameter_mm,frequency_hz,replicate,fold_symmetry,pdf_page,mean_intensity,contrast,entropy_bits,radial_peak_count,center_to_mid_ratio,outer_to_mid_ratio,angular_texture_harmonic,angular_texture_concentration,radial_profile_std,visual_note
medium,24.25,50,1,8,14,0.3526934087276459,0.20569849014282227,4.551206743706343,3,0.7849010652563431,1.2126359156396813,4,0.12090419977903366,0.050672341138124466,8-fold printed classification; balanced-center; moderate-radial-banding; medium contrast; high texture
medium,24.25,50,2,unclassified,14,0.32566046714782715,0.23369595408439636,4.599221042002248,1,1.8143598575868567,1.069498735390065,3,0.2927858829498291,0.08191241323947906,unclassified/indistinct in printed atlas; bright-center; radially-simple; high contrast; high texture
medium,24.25,50,3,unclassified,14,0.23019596934318542,0.2166280299425125,4.074406809159873,1,1.610284492340801,1.2302072725053335,3,0.22658003866672516,0.05618276074528694,unclassified/indistinct in printed atlas; bright-center; radially-simple; medium contrast; low texture
medium,24.25,51,1,unclassified,14,0.3027666211128235,0.18378666043281555,4.3736899663283015,5,1.137542497169674,0.9170452010612475,3,0.12130024284124374,0.05366997420787811,unclassified/indistinct in printed atlas; balanced-center; ring-rich; low contrast; medium texture
medium,24.25,51,2,unclassified,14,0.25986579060554504,0.2079715132713318,4.406511940921133,3,1.085205604873689,1.0925899917576984,3,0.21570436656475067,0.0329551100730896,unclassified/indistinct in printed atlas; balanced-center; moderate-radial-banding; medium contrast; medium texture
medium,24.25,51,3,2,14,0.29106926918029785,0.2382148653268814,4.543082860874676,2,1.644063467748265,1.1040845301176399,3,0.2812351882457733,0.07372310757637024,2-fold printed classification; bright-center; moderate-radial-banding; high contrast; high texture
medium,24.25,52,1,unclassified,14,0.3598705232143402,0.18651793897151947,4.524947028419642,2,1.2526172623730174,1.0793069235998936,5,0.09831985086202621,0.04383863881230354,unclassified/indistinct in printed atlas; balanced-center; moderate-radial-banding; low contrast; high texture
medium,24.25,52,2,unclassified,14,0.26261016726493835,0.2007312923669815,4.423272261034815,3,1.1746155826116784,1.1339998825928919,3,0.2679540514945984,0.02385304868221283,unclassified/indistinct in printed atlas; balanced-center; moderate-radial-banding; low contrast; medium texture
medium,24.25,52,3,unclassified,14,0.3091190457344055,0.25133147835731506,4.609059820161523,3,1.5679062486875648,0.9180715513722435,3,0.29754549264907837,0.0744347795844078,unclassified/indistinct in printed atlas; bright-center; moderate-radial-banding; high contrast; high texture
medium,24.25,53,1,unclassified,14,0.3047214448451996,0.19130341708660126,4.433979299530305,2,0.9672180090479916,1.137939320392262,3,0.14096352458000183,0.04133104532957077,unclassified/indistinct in printed atlas; balanced-center; moderate-radial-banding; low contrast; medium texture
medium,24.25,53,2,unclassified,14,0.2922962009906769,0.2526175081729889,4.499055436003651,2,1.2781359669954921,1.178389109746325,3,0.26654285192489624,0.043936047703027725,unclassified/indistinct in printed atlas; balanced-center; moderate-radial-banding; high contrast; high texture
medium,24.25,53,3,unclassified,14,0.3036549687385559,0.27476218342781067,4.523519365723936,3,1.6479086185814509,0.9401547594760098,3,0.2901398241519928,0.08702820539474487,unclassified/indistinct in printed atlas; bright-center; moderate-radial-banding; high contrast; high texture
medium,24.25,54,1,6,14,0.440504789352417,0.175766259431839,4.496910176140508,1,1.3607344087773012,0.8519924988516,4,0.12400820106267929,0.07781097292900085,6-fold printed classification; bright-center; radially-simple; low contrast; high texture
medium,24.25,54,2,unclassified,14,0.28563252091407776,0.2639099061489105,4.353202316953414,1,1.7602902294554685,1.0337340581889503,3,0.254412442445755,0.07187685370445251,unclassified/indistinct in printed atlas; bright-center; radially-simple; high contrast; medium texture
medium,24.25,54,3,unclassified,14,0.27768149971961975,0.28596001863479614,4.280931735438666,3,1.8451430808613996,1.0102927115661768,3,0.43127375841140747,0.0840570330619812,unclassified/indistinct in printed atlas; bright-center; moderate-radial-banding; high contrast; medium texture
medium,24.25,55,1,6,14,0.4382016062736511,0.18279309570789337,4.553911904231592,1,1.3106593451712867,0.844777315635251,3,0.16652840375900269,0.0684565082192421,6-fold printed classification; bright-center; radially-simple; low contrast; high texture
medium,24.25,55,2,6,14,0.2786403000354767,0.19608503580093384,4.406441924783563,2,0.9432171971417886,1.1191442473842559,3,0.22237898409366608,0.049372598528862,6-fold printed classification; balanced-center; moderate-radial-banding; low contrast; medium texture
medium,24.25,55,3,6,14,0.26127171516418457,0.20251192152500153,4.365624081411065,4,0.9196572743039212,1.080992947961206,3,0.33886444568634033,0.031370822340250015,6-fold printed classification; balanced-center; ring-rich; low contrast; medium texture
medium,24.25,56,1,6,14,0.44104471802711487,0.17560452222824097,4.502659129795309,3,1.1701662010952931,0.8635480660693663,3,0.11558686196804047,0.04541991651058197,6-fold printed classification; balanced-center; moderate-radial-banding; low contrast; high texture
medium,24.25,56,2,6,14,0.2664799988269806,0.20511066913604736,4.389821611891328,1,0.6882200302757275,0.8398496645798998,4,0.2004440426826477,0.045989539474248886,6-fold printed classification; dark-center; radially-simple; medium contrast; medium texture
medium,24.25,56,3,6,14,0.24752651154994965,0.20801307260990143,4.292808323994438,3,0.8125204395550735,1.0866226842450597,3,0.3428347110748291,0.03828204423189163,6-fold printed classification; balanced-center; moderate-radial-banding; medium contrast; medium texture
medium,24.25,57,1,6,14,0.44156911969184875,0.18849915266036987,4.595473163838291,2,1.2755743248578486,0.8548927088769809,3,0.15424972772598267,0.06564050167798996,6-fold printed classification; balanced-center; moderate-radial-banding; low contrast; high texture
medium,24.25,57,2,6,14,0.2741378843784332,0.21471461653709412,4.394181997503841,2,0.8441379196916242,0.8229431636740389,3,0.2303086668252945,0.030638769268989563,6-fold printed classification; balanced-center; moderate-radial-banding; medium contrast; medium texture
medium,24.25,57,3,6,14,0.25946781039237976,0.22851881384849548,4.337159606922855,3,0.9332612236856775,1.149312354254806,3,0.39524292945861816,0.05535319447517395,6-fold printed classification; balanced-center; moderate-radial-banding; high contrast; medium texture
medium,24.25,58,1,6,14,0.4150445759296417,0.1965993195772171,4.608165056931836,2,1.1253890727162694,0.9598046889502418,5,0.18856388330459595,0.03857063129544258,6-fold printed classification; balanced-center; moderate-radial-banding; low contrast; high texture
medium,24.25,58,2,6,14,0.2860161066055298,0.23428955674171448,4.355609963749057,2,1.1612490752033389,0.6189908360461447,3,0.37074896693229675,0.06347093731164932,6-fold printed classification; balanced-center; moderate-radial-banding; high contrast; medium texture
medium,24.25,58,3,unclassified,14,0.24878136813640594,0.24307650327682495,4.130382607609563,2,1.148365310215319,1.2431439814526055,3,0.3808997869491577,0.06463419646024704,unclassified/indistinct in printed atlas; balanced-center; moderate-radial-banding; high contrast; low texture
medium,24.25,59,1,6,14,0.3333194851875305,0.24936330318450928,4.3721003066659625,4,0.5312712231674606,1.296026175345162,4,0.18062765896320343,0.0970015749335289,6-fold printed classification; dark-center; ring-rich; high contrast; medium texture
medium,24.25,59,2,2,14,0.2593719959259033,0.19547812640666962,4.369714498533631,1,1.1381713571874599,1.1590619248406842,3,0.24229103326797485,0.04297887906432152,2-fold printed classification; balanced-center; radially-simple; low contrast; medium texture
medium,24.25,59,3,2,14,0.20042897760868073,0.17476919293403625,4.049647878196643,2,1.0921287298104838,1.3217469774796786,3,0.1360548883676529,0.04998181015253067,2-fold printed classification; balanced-center; moderate-radial-banding; low contrast; low texture
medium,24.25,60,1,2,14,0.42279618978500366,0.19088280200958252,4.602005767811409,1,1.125144558811521,0.9409684276671182,3,0.19207748770713806,0.055938564240932465,2-fold printed classification; balanced-center; radially-simple; low contrast; high texture
medium,24.25,60,2,2,14,0.3399190306663513,0.2715465724468231,4.526305640325372,1,2.3880630654606914,1.0562137509537193,3,0.2779281437397003,0.13277462124824524,2-fold printed classification; bright-center; radially-simple; high contrast; high texture
medium,24.25,60,3,2,14,0.21047526597976685,0.23349207639694214,3.9065740178429924,3,1.471753291729159,1.4017678389538655,3,0.22366690635681152,0.04802051931619644,2-fold printed classification; bright-center; moderate-radial-banding; high contrast; low texture
medium,24.25,61,1,2,14,0.42229804396629333,0.22565893828868866,4.709788238957087,2,1.3128566978331082,1.032009945301405,5,0.14993725717067719,0.09011957049369812,2-fold printed classification; bright-center; moderate-radial-banding; medium contrast; high texture
medium,24.25,61,2,2,14,0.2796649932861328,0.2853763997554779,4.1075683535449485,0,3.021163612687189,1.1336764189265078,4,0.18604305386543274,0.14926327764987946,2-fold printed classification; bright-center; radially-simple; high contrast; low texture
medium,24.25,61,3,2,14,0.17468862235546112,0.22772489488124847,3.4553747182961465,3,1.3913400424736173,1.0232559796766725,3,0.24394391477108002,0.047304119914770126,2-fold printed classification; bright-center; moderate-radial-banding; high contrast; low texture
medium,24.25,62,1,2,14,0.3158635199069977,0.24651071429252625,4.408902782862551,1,1.6619410375133088,1.3322378712677956,3,0.20472966134548187,0.07302527129650116,2-fold printed classification; bright-center; radially-simple; high contrast; medium texture
medium,24.25,62,2,unclassified,14,0.21104638278484344,0.26961955428123474,3.45222951811099,0,3.4671839306033867,1.183811588368713,3,0.22420279681682587,0.12594152987003326,unclassified/indistinct in printed atlas; bright-center; radially-simple; high contrast; low texture
medium,24.25,62,3,unclassified,14,0.16367106139659882,0.2327622026205063,3.1819728753230745,2,1.2600905195827392,0.9606346485836926,3,0.26191219687461853,0.051731038838624954,unclassified/indistinct in printed atlas; balanced-center; moderate-radial-banding; high contrast; low texture
medium,24.25,63,1,unclassified,14,0.1317940354347229,0.18009822070598602,2.470793909468124,1,0.5589543450388854,1.9777990174735316,3,0.24378952383995056,0.06279671937227249,unclassified/indistinct in printed atlas; dark-center; radially-simple; low contrast; low texture
medium,24.25,63,2,unclassified,14,0.17120254039764404,0.24665197730064392,2.952260702637111,2,2.8428887616603165,1.2253597876327982,3,0.21224723756313324,0.07805758714675903,unclassified/indistinct in printed atlas; bright-center; moderate-radial-banding; high contrast; low texture
medium,24.25,63,3,unclassified,14,0.1658707708120346,0.2343387007713318,3.208041909900486,2,1.1556542920969333,1.1751925180457632,3,0.28210586309432983,0.044194452464580536,unclassified/indistinct in printed atlas; balanced-center; moderate-radial-banding; high contrast; low texture
medium,24.25,64,1,unclassified,14,0.09990192204713821,0.1466582715511322,1.8827773516034199,1,0.9323229417408151,2.989632337328576,3,0.21805210411548615,0.058799054473638535,unclassified/indistinct in printed atlas; balanced-center; radially-simple; low contrast; low texture
medium,24.25,64,2,unclassified,14,0.17419441044330597,0.24176698923110962,3.059176644492185,2,2.680761987849051,1.1426083363440294,3,0.22392472624778748,0.07684192061424255,unclassified/indistinct in printed atlas; bright-center; moderate-radial-banding; high contrast; low texture
medium,24.25,64,3,unclassified,14,0.16503354907035828,0.2248029112815857,3.255006900879909,2,1.1921265329824726,1.1354463605386376,3,0.2937403917312622,0.039426740258932114,unclassified/indistinct in printed atlas; balanced-center; moderate-radial-banding; medium contrast; low texture
medium,24.25,65,1,unclassified,14,0.10174970328807831,0.14783033728599548,1.9018628853280708,1,0.9302354260012438,3.093182639167785,3,0.23589545488357544,0.061275795102119446,unclassified/indistinct in printed atlas; balanced-center; radially-simple; low contrast; low texture
medium,24.25,65,2,unclassified,14,0.33856889605522156,0.2820113003253937,4.588691837850089,1,1.9624843554559206,0.9420259610679422,3,0.28579020500183105,0.11123061925172806,unclassified/indistinct in printed atlas; bright-center; radially-simple; high contrast; high texture
medium,24.25,65,3,unclassified,14,0.2507428228855133,0.25425446033477783,4.162747105174301,3,0.8423287449749766,1.0438625670366832,3,0.3960004150867462,0.02774152159690857,unclassified/indistinct in printed atlas; balanced-center; moderate-radial-banding; high contrast; low texture
medium,24.25,66,1,unclassified,14,0.2129279524087906,0.25392597913742065,3.3552823934055125,2,0.884612039549181,1.788900797172714,3,0.15031997859477997,0.07630560547113419,unclassified/indistinct in printed atlas; balanced-center; moderate-radial-banding; high contrast; low texture
medium,24.25,66,2,8,14,0.31803181767463684,0.22765710949897766,4.535894968313259,1,1.9855589331214871,1.1077396732760896,3,0.3292994499206543,0.09964191913604736,8-fold printed classification; bright-center; radially-simple; high contrast; high texture
medium,24.25,66,3,8,14,0.2754462659358978,0.22951652109622955,4.3469034667633615,4,0.8361081061763964,1.1035417594738666,3,0.29067686200141907,0.03480696678161621,8-fold printed classification; balanced-center; ring-rich; high contrast; medium texture
medium,24.25,67,1,unclassified,14,0.10784981399774551,0.14779096841812134,2.1181943691988443,1,0.8623076996825713,2.563203753087983,3,0.18800373375415802,0.0557330846786499,unclassified/indistinct in printed atlas; balanced-center; radially-simple; low contrast; low texture
medium,24.25,67,2,8,14,0.3425373136997223,0.2455570101737976,4.540877333457042,2,1.6417979512702165,0.9604871378859922,3,0.4387449026107788,0.0743178278207779,8-fold printed classification; bright-center; moderate-radial-banding; high contrast; high texture
medium,24.25,67,3,8,14,0.2741045355796814,0.2254287749528885,4.326019446245854,3,1.0378058049852164,1.116166877678141,3,0.2591076195240021,0.01859218254685402,8-fold printed classification; balanced-center; moderate-radial-banding; medium contrast; medium texture
medium,24.25,68,1,8,14,0.4271135926246643,0.2222920060157776,4.544871390221287,2,0.6163275139625336,1.0792542542287573,5,0.1635623574256897,0.07325927168130875,8-fold printed classification; dark-center; moderate-radial-banding; medium contrast; high texture
medium,24.25,68,2,unclassified,14,0.2427513301372528,0.17584525048732758,4.248912233153488,2,1.0615944620056585,1.1876148859612974,3,0.28603190183639526,0.033678989857435226,unclassified/indistinct in printed atlas; balanced-center; moderate-radial-banding; low contrast; low texture
medium,24.25,68,3,8,14,0.238719180226326,0.1825549602508545,4.273996744416915,1,1.4515354833450258,1.2357942254368264,3,0.21748588979244232,0.04534723609685898,8-fold printed classification; bright-center; radially-simple; low contrast; low texture
medium,24.25,69,1,2,14,0.33510130643844604,0.19763953983783722,4.4226759547239265,5,1.0806136871749736,1.030974222650059,3,0.23339073359966278,0.047715894877910614,2-fold printed classification; balanced-center; ring-rich; low contrast; medium texture
medium,24.25,69,2,unclassified,14,0.270486980676651,0.17380405962467194,4.319425847134986,4,1.2052119272001067,0.9254257765867676,3,0.20146144926548004,0.04269114136695862,unclassified/indistinct in printed atlas; balanced-center; ring-rich; low contrast; medium texture
medium,24.25,69,3,2,14,0.24263054132461548,0.20117291808128357,4.302688164426969,1,1.8130056458420938,1.1891658134958973,3,0.21094493567943573,0.06580277532339096,2-fold printed classification; bright-center; radially-simple; low contrast; medium texture
medium,24.25,70,1,2,14,0.42492905259132385,0.17235565185546875,4.470994608250405,2,0.7667269480593873,0.9683889786165719,3,0.19586169719696045,0.06436780840158463,2-fold printed classification; balanced-center; moderate-radial-banding; low contrast; high texture
medium,24.25,70,2,2,14,0.3119507431983948,0.20095707476139069,4.508819633288832,2,1.385555252912239,0.9059544191793651,3,0.26677533984184265,0.054542940109968185,2-fold printed classification; bright-center; moderate-radial-banding; low contrast; high texture
medium,24.25,70,3,unclassified,14,0.2373824417591095,0.20356787741184235,4.241477496863363,2,1.157207352953614,1.062313477758421,3,0.24694375693798065,0.03843181952834129,unclassified/indistinct in printed atlas; balanced-center; moderate-radial-banding; medium contrast; low texture
medium,24.25,71,1,2,14,0.4498262405395508,0.17001764476299286,4.461325362624066,3,0.900095268324898,0.9533017315915965,3,0.2825733721256256,0.04308021068572998,2-fold printed classification; balanced-center; moderate-radial-banding; low contrast; high texture
medium,24.25,71,2,2,14,0.30741873383522034,0.20647408068180084,4.546477983221006,1,1.5658141908934475,0.917708415992211,3,0.19825801253318787,0.06423507630825043,2-fold printed classification; bright-center; radially-simple; medium contrast; high texture
medium,24.25,71,3,2,14,0.2573261260986328,0.206131249666214,4.4063091278993936,5,0.9685834843387808,1.1061598747654577,3,0.24757535755634308,0.028740236535668373,2-fold printed classification; balanced-center; ring-rich; medium contrast; medium texture
medium,24.25,72,1,2,14,0.41947129368782043,0.1996844857931137,4.630716519900839,3,0.9311179169288034,1.024321169603194,3,0.160222128033638,0.0581587590277195,2-fold printed classification; balanced-center; moderate-radial-banding; low contrast; high texture
medium,24.25,72,2,2,14,0.3007432818412781,0.2082742303609848,4.4716586054813146,1,1.874396585922588,1.0799870283335358,3,0.19095554947853088,0.0852937400341034,2-fold printed classification; bright-center; radially-simple; medium contrast; high texture
medium,24.25,72,3,2,14,0.25365445017814636,0.21560166776180267,4.305960088171309,2,1.3160961217914702,1.126476825026957,3,0.188664048910141,0.04507071524858475,2-fold printed classification; bright-center; moderate-radial-banding; medium contrast; medium texture
medium,24.25,73,1,unclassified,14,0.3033234179019928,0.2017584592103958,4.447170686124256,3,1.044323127072318,1.226220877592502,3,0.1400275081396103,0.04831639677286148,unclassified/indistinct in printed atlas; balanced-center; moderate-radial-banding; low contrast; medium texture
medium,24.25,73,2,unclassified,14,0.3241283595561981,0.241803839802742,4.670346850135332,1,1.714372583973371,1.0100455366940448,4,0.2897277772426605,0.0853036642074585,unclassified/indistinct in printed atlas; bright-center; radially-simple; high contrast; high texture
medium,24.25,73,3,2,14,0.22988839447498322,0.2088857740163803,4.177084038551703,2,1.3331578098047,1.0393667926574783,3,0.2500188648700714,0.03357009217143059,2-fold printed classification; bright-center; moderate-radial-banding; medium contrast; low texture
medium,24.25,74,1,unclassified,14,0.33208176493644714,0.2090757191181183,4.541733815316829,2,1.104307893767934,1.181827098469128,3,0.14514808356761932,0.05521233379840851,unclassified/indistinct in printed atlas; balanced-center; moderate-radial-banding; medium contrast; high texture
medium,24.25,74,2,unclassified,14,0.32838213443756104,0.26323387026786804,4.585615388595938,0,2.280262046899372,1.0385993245417369,4,0.2536693811416626,0.12983141839504242,unclassified/indistinct in printed atlas; bright-center; radially-simple; high contrast; high texture
medium,24.25,74,3,4,14,0.2609808146953583,0.24531787633895874,4.269751100094955,4,1.0890827638352207,1.039077345493191,3,0.4316592514514923,0.03313516825437546,4-fold printed classification; balanced-center; ring-rich; high contrast; low texture
medium,24.25,75,1,unclassified,14,0.3639599680900574,0.25795650482177734,4.6079789949715115,3,1.5566731155897284,1.0638578501467508,3,0.18492436408996582,0.07816082239151001,unclassified/indistinct in printed atlas; bright-center; moderate-radial-banding; high contrast; high texture
medium,24.25,75,2,unclassified,14,0.30919426679611206,0.29442816972732544,4.3664915982917085,0,2.5572409126235556,1.0773179924829364,3,0.3113560378551483,0.129295215010643,unclassified/indistinct in printed atlas; bright-center; radially-simple; high contrast; medium texture
medium,24.25,75,3,unclassified,14,0.23332658410072327,0.2662948966026306,3.930474402466706,3,1.435140237049934,1.2447223529830136,3,0.381206214427948,0.04463278874754906,unclassified/indistinct in printed atlas; bright-center; moderate-radial-banding; high contrast; low texture
medium,24.25,76,1,unclassified,14,0.2559293508529663,0.24232490360736847,4.046963545289893,3,0.9016471260862189,1.223613687981584,3,0.12233394384384155,0.0815482810139656,unclassified/indistinct in printed atlas; balanced-center; moderate-radial-banding; high contrast; low texture
medium,24.25,76,2,unclassified,14,0.20495842397212982,0.2684343159198761,3.3316398716824547,0,3.4254902449653355,1.2602606890656582,3,0.23643174767494202,0.11703027784824371,unclassified/indistinct in printed atlas; bright-center; radially-simple; high contrast; low texture
medium,24.25,76,3,unclassified,14,0.16417931020259857,0.2433418184518814,3.0825078662326284,2,1.0254534195959524,1.043796366523068,3,0.25211524963378906,0.05441025644540787,unclassified/indistinct in printed atlas; balanced-center; moderate-radial-banding; high contrast; low texture
medium,24.25,77,1,unclassified,14,0.10581329464912415,0.16012494266033173,1.9349596262738964,1,0.8634960068522147,2.586374549259468,3,0.21676941215991974,0.059948571026325226,unclassified/indistinct in printed atlas; balanced-center; radially-simple; low contrast; low texture
medium,24.25,77,2,unclassified,14,0.20321573317050934,0.24469368159770966,3.400686368310362,2,2.702605789589542,1.0168185108897319,4,0.22321145236492157,0.10394075512886047,unclassified/indistinct in printed atlas; bright-center; moderate-radial-banding; high contrast; low texture
medium,24.25,77,3,unclassified,14,0.17594482004642487,0.2399177849292755,3.2174800740816263,2,0.9297360099625172,1.0240120452490735,3,0.3204849064350128,0.05031251907348633,unclassified/indistinct in printed atlas; balanced-center; moderate-radial-banding; high contrast; low texture
medium,24.25,78,1,10,14,0.2585442066192627,0.22370915114879608,3.875324410222289,1,0.2349636057095651,1.3635849286162756,3,0.14220094680786133,0.11952083557844162,10-fold printed classification; dark-center; radially-simple; medium contrast; low texture
medium,24.25,78,2,10,14,0.28737780451774597,0.22824831306934357,4.418886128614472,3,1.8441914703085343,0.8337351044837422,3,0.4109891951084137,0.09075600653886795,10-fold printed classification; bright-center; moderate-radial-banding; high contrast; medium texture
medium,24.25,78,3,10,14,0.24774415791034698,0.23474501073360443,4.227246555470378,2,1.113503745947858,1.143919670513496,3,0.2773762345314026,0.03548099100589752,10-fold printed classification; balanced-center; moderate-radial-banding; high contrast; low texture
medium,24.25,79,1,10,14,0.2424805909395218,0.2172621339559555,3.7653221246818593,0,0.2482336006923282,1.3043450111080224,3,0.1160876676440239,0.10757780820131302,10-fold printed classification; dark-center; radially-simple; medium contrast; low texture
medium,24.25,79,2,10,14,0.317959725856781,0.2558925747871399,4.454694642515774,0,2.236175191963933,0.7807197118593145,3,0.46261441707611084,0.1319347321987152,10-fold printed classification; bright-center; radially-simple; high contrast; medium texture
medium,24.25,79,3,10,14,0.263943076133728,0.24039629101753235,4.2793739157233555,2,1.0319260320532275,1.0685931219695626,3,0.3477298319339752,0.04403429850935936,10-fold printed classification; balanced-center; moderate-radial-banding; high contrast; medium texture
medium,24.25,80,1,10,14,0.23821686208248138,0.2298499196767807,3.6120409382521244,0,0.2703630929991426,1.5496237449721375,6,0.10367432236671448,0.12812532484531403,10-fold printed classification; dark-center; radially-simple; high contrast; low texture
medium,24.25,80,2,10,14,0.35040339827537537,0.2927934229373932,4.414039933807903,0,2.5726516207393493,0.797144249899456,3,0.5310375690460205,0.1675732433795929,10-fold printed classification; bright-center; radially-simple; high contrast; medium texture
medium,24.25,80,3,10,14,0.28907638788223267,0.278371661901474,4.208959462450366,2,0.9002477553630265,1.1712370268600671,3,0.3810962438583374,0.057342879474163055,10-fold printed classification; balanced-center; moderate-radial-banding; high contrast; low texture
medium,24.25,81,1,10,14,0.21421170234680176,0.252578467130661,3.186915942624661,1,0.2916314228069454,1.6287919737607008,7,0.1905970722436905,0.12520919740200043,10-fold printed classification; dark-center; radially-simple; high contrast; low texture
medium,24.25,81,2,10,14,0.3439144492149353,0.3189011812210083,4.1566798332616735,0,2.6537062419968573,0.9606380881647234,3,0.4139663875102997,0.15937398374080658,10-fold printed classification; bright-center; radially-simple; high contrast; low texture
medium,24.25,81,3,10,14,0.2461254596710205,0.283843070268631,3.8448455783849758,1,1.2579248089870854,1.195142983146607,3,0.42235615849494934,0.06652037054300308,10-fold printed classification; balanced-center; radially-simple; high contrast; low texture
medium,24.25,82,1,unclassified,14,0.11092142760753632,0.16847869753837585,2.048272279309134,1,0.7663926434365391,2.322371105903531,3,0.24063853919506073,0.0632147341966629,unclassified/indistinct in printed atlas; balanced-center; radially-simple; low contrast; low texture
medium,24.25,82,2,unclassified,14,0.1988132745027542,0.2633369266986847,3.24062158359605,3,3.4673704109937677,1.0839643560953547,3,0.1733396053314209,0.12481660395860672,unclassified/indistinct in printed atlas; bright-center; moderate-radial-banding; high contrast; low texture
medium,24.25,82,3,10,14,0.17555630207061768,0.24258138239383698,3.2673392127058802,1,1.2649341514516597,1.3403977000391094,3,0.32420241832733154,0.04641236364841461,10-fold printed classification; balanced-center; radially-simple; high contrast; low texture
medium,24.25,83,1,unclassified,14,0.12137985229492188,0.18846268951892853,2.1475905576561294,1,0.7257508750122241,2.4922907558364957,3,0.2906055152416229,0.0748942494392395,unclassified/indistinct in printed atlas; balanced-center; radially-simple; low contrast; low texture
medium,24.25,83,2,unclassified,14,0.21645036339759827,0.27690547704696655,3.4106916200213395,4,3.326368643105418,1.112466034563288,3,0.2047150731086731,0.13079839944839478,unclassified/indistinct in printed atlas; bright-center; ring-rich; high contrast; low texture
medium,24.25,83,3,unclassified,14,0.17037072777748108,0.24573631584644318,3.1702820675806413,3,1.6881833789765182,1.301165497442524,3,0.3062448799610138,0.05269559472799301,unclassified/indistinct in printed atlas; bright-center; moderate-radial-banding; high contrast; low texture
medium,24.25,84,1,6,14,0.4373803734779358,0.17921487987041473,4.539479410214948,3,1.038109821048751,1.0833795458992055,3,0.17556078732013702,0.03391299769282341,6-fold printed classification; balanced-center; moderate-radial-banding; low contrast; high texture
medium,24.25,84,2,6,14,0.3734026551246643,0.2528943121433258,4.762356756031018,0,1.8391110711246927,1.001695158572151,3,0.20799623429775238,0.10248572379350662,6-fold printed classification; bright-center; radially-simple; high contrast; high texture
medium,24.25,84,3,unclassified,14,0.2862478196620941,0.2607300877571106,4.4451098620395895,2,1.0006264603424253,1.1122525680217183,3,0.3184528648853302,0.04468943178653717,unclassified/indistinct in printed atlas; balanced-center; moderate-radial-banding; high contrast; medium texture
medium,24.25,85,1,6,14,0.4473138451576233,0.175263911485672,4.506634464225288,4,1.061554144562975,1.095277071687615,3,0.13274328410625458,0.028231244534254074,6-fold printed classification; balanced-center; ring-rich; low contrast; high texture
medium,24.25,85,2,6,14,0.3189167082309723,0.23437607288360596,4.617114720186742,2,1.5407538923739579,1.0298147135857856,3,0.23346339166164398,0.06058153510093689,6-fold printed classification; bright-center; moderate-radial-banding; high contrast; high texture
medium,24.25,85,3,6,14,0.25403282046318054,0.21714918315410614,4.3641174108133995,2,0.981092055811124,1.2047609688035417,3,0.3317994773387909,0.03946634754538536,6-fold printed classification; balanced-center; moderate-radial-banding; medium contrast; medium texture
medium,24.25,86,1,6,14,0.43173807859420776,0.18805408477783203,4.581898725708676,2,1.1290167392516501,1.1720783257282688,3,0.24234172701835632,0.04120679944753647,6-fold printed classification; balanced-center; moderate-radial-banding; low contrast; high texture
medium,24.25,86,2,6,14,0.3238491117954254,0.24008885025978088,4.628675456981169,0,1.8990920936722755,1.1157048639881453,4,0.21354857087135315,0.08693230897188187,6-fold printed classification; bright-center; radially-simple; high contrast; high texture
medium,24.25,86,3,6,14,0.2397930920124054,0.20900483429431915,4.258257989620205,2,0.8779575602152374,1.13459724125155,3,0.3096748888492584,0.032901208847761154,6-fold printed classification; balanced-center; moderate-radial-banding; medium contrast; low texture
medium,24.25,87,1,2,14,0.3785541355609894,0.17169421911239624,4.4373393616579175,2,1.2236648761063502,0.9858888331743718,3,0.2003086507320404,0.04956962168216705,2-fold printed classification; balanced-center; moderate-radial-banding; low contrast; medium texture
medium,24.25,87,2,2,14,0.24303993582725525,0.17753832042217255,4.234317740115573,5,1.2861680590798723,1.096366404871062,3,0.20567254722118378,0.027103271335363388,2-fold printed classification; bright-center; ring-rich; low contrast; low texture
medium,24.25,87,3,6,14,0.2212885320186615,0.1965840756893158,4.1840153227022325,3,1.028179388354172,1.312083226704171,3,0.3033010959625244,0.04098724201321602,6-fold printed classification; balanced-center; moderate-radial-banding; low contrast; low texture
medium,24.25,88,1,2,14,0.38626542687416077,0.17637480795383453,4.47400851653406,3,1.076871780359976,0.9710766673026962,3,0.1792047917842865,0.026330916211009026,2-fold printed classification; balanced-center; moderate-radial-banding; low contrast; high texture
medium,24.25,88,2,2,14,0.2832132875919342,0.2094147801399231,4.420221608864991,2,1.8008200359885405,1.0573665234090905,4,0.1623491495847702,0.07415322959423065,2-fold printed classification; bright-center; moderate-radial-banding; medium contrast; medium texture
medium,24.25,88,3,2,14,0.23003605008125305,0.205686554312706,4.176695214435398,4,1.0906737733869738,1.156196131768532,3,0.2239951491355896,0.027624964714050293,2-fold printed classification; balanced-center; ring-rich; medium contrast; low texture
medium,24.25,89,1,2,14,0.3896958529949188,0.19717134535312653,4.591011063240265,3,1.3791837884729692,0.8291118249489209,3,0.14081664383411407,0.07009027898311615,2-fold printed classification; bright-center; moderate-radial-banding; low contrast; high texture
medium,24.25,89,2,12,14,0.2870621979236603,0.20695903897285461,4.465788120084829,1,1.5900419614890924,0.9574108225566168,3,0.3331877589225769,0.07103552669286728,12-fold printed classification; bright-center; radially-simple; medium contrast; high texture
medium,24.25,89,3,2,14,0.22949178516864777,0.19726653397083282,4.244368177452397,3,0.8451041400273244,0.9260671571304359,3,0.17034733295440674,0.04305656999349594,2-fold printed classification; balanced-center; moderate-radial-banding; low contrast; low texture
medium,24.25,90,1,12,14,0.3491249680519104,0.24240872263908386,4.453828894710967,2,0.6160936995223235,0.9434897819557488,3,0.19235697388648987,0.0705745592713356,12-fold printed classification; dark-center; moderate-radial-banding; high contrast; medium texture
medium,24.25,90,2,12,14,0.31459736824035645,0.23228785395622253,4.499212435275466,1,1.8440665569660672,0.8535725014379276,3,0.3660012483596802,0.10335943102836609,12-fold printed classification; bright-center; radially-simple; high contrast; high texture
medium,24.25,90,3,unclassified,14,0.2474326193332672,0.2222863882780075,4.291802107075734,3,0.8840844824241509,0.9668304381075342,3,0.3887714147567749,0.029272524639964104,unclassified/indistinct in printed atlas; balanced-center; moderate-radial-banding; medium contrast; medium texture
medium,24.25,91,1,12,14,0.28226855397224426,0.2340986281633377,4.103137167385961,2,0.5185795455060634,1.0434778775583107,3,0.19753192365169525,0.06900834292173386,12-fold printed classification; dark-center; moderate-radial-banding; high contrast; low texture
medium,24.25,91,2,12,14,0.3022423982620239,0.23358118534088135,4.472691281976132,2,1.7660713275157687,0.8913410386926933,3,0.32485535740852356,0.09525364637374878,12-fold printed classification; bright-center; moderate-radial-banding; high contrast; high texture
medium,24.25,91,3,12,14,0.23095174133777618,0.20900745689868927,4.214193598246585,3,0.7646781863945284,0.9142923512969853,3,0.39877980947494507,0.030700229108333588,12-fold printed classification; balanced-center; moderate-radial-banding; medium contrast; low texture
medium,24.25,92,1,12,14,0.19717247784137726,0.2104949802160263,3.2364399173117135,2,0.3758039143698379,1.6092810048759276,3,0.13750667870044708,0.09678250551223755,12-fold printed classification; dark-center; moderate-radial-banding; medium contrast; low texture
medium,24.25,92,2,12,14,0.2863318622112274,0.25232040882110596,4.308040737736473,0,2.633488650752871,0.9522731008865569,3,0.40027713775634766,0.13329526782035828,12-fold printed classification; bright-center; radially-simple; high contrast; medium texture
medium,24.25,92,3,12,14,0.23319999873638153,0.23364974558353424,4.082057353902453,3,0.9358089752036843,0.9162886637697893,3,0.44225436449050903,0.03134382143616676,12-fold printed classification; balanced-center; moderate-radial-banding; high contrast; low texture
medium,24.25,93,1,12,14,0.166044682264328,0.2184780389070511,2.699884494327936,1,0.47540113726904837,2.0506474725320754,3,0.3106830418109894,0.10578227043151855,12-fold printed classification; dark-center; radially-simple; medium contrast; low texture
medium,24.25,93,2,12,14,0.3148694634437561,0.3150383234024048,4.108705049465648,0,3.4455468966819094,0.9434308288999932,3,0.39039668440818787,0.194892019033432,12-fold printed classification; bright-center; radially-simple; high contrast; low texture
medium,24.25,93,3,12,14,0.19336941838264465,0.23086079955101013,3.618222958527145,2,1.054880238947449,1.0559814218762582,3,0.3937375545501709,0.05209236964583397,12-fold printed classification; balanced-center; moderate-radial-banding; high contrast; low texture
medium,24.25,94,1,unclassified,14,0.10667578876018524,0.14527679979801178,2.0176041772097655,1,0.9024572838989348,2.5944811187392163,3,0.22755345702171326,0.05527021363377571,unclassified/indistinct in printed atlas; balanced-center; radially-simple; low contrast; low texture
medium,24.25,94,2,unclassified,14,0.1860431581735611,0.24250821769237518,3.288709841719823,2,3.0747948585896765,1.052250108309151,3,0.21833403408527374,0.11097229272127151,unclassified/indistinct in printed atlas; bright-center; moderate-radial-banding; high contrast; low texture
medium,24.25,94,3,12,14,0.16674597561359406,0.22519947588443756,3.302681150417749,4,0.9742772427701394,1.2860255062051686,3,0.34764614701271057,0.0434529148042202,12-fold printed classification; balanced-center; ring-rich; medium contrast; low texture
medium,24.25,95,1,unclassified,14,0.10567377507686615,0.14552341401576996,1.9777151441115668,1,0.9046256206158833,2.6068822571716934,3,0.22551454603672028,0.055076614022254944,unclassified/indistinct in printed atlas; balanced-center; radially-simple; low contrast; low texture
medium,24.25,95,2,8,14,0.3145274817943573,0.2169255167245865,4.518382686714997,2,1.4361794310095282,0.9045094010659204,3,0.297921359539032,0.07202793657779694,8-fold printed classification; bright-center; moderate-radial-banding; medium contrast; high texture
medium,24.25,95,3,12,14,0.2811852991580963,0.21978992223739624,4.463667368197345,3,1.1600030028811723,1.1066068407071987,3,0.37108203768730164,0.03025115840137005,12-fold printed classification; balanced-center; moderate-radial-banding; medium contrast; high texture
medium,24.25,96,1,unclassified,14,0.10662144422531128,0.1455383598804474,1.9925318071302132,1,0.9221649058990384,2.625117953832718,3,0.2227308452129364,0.055403485894203186,unclassified/indistinct in printed atlas; balanced-center; radially-simple; low contrast; low texture
medium,24.25,96,2,8,14,0.3108234703540802,0.20569618046283722,4.492539825813369,3,1.2274859723191243,0.9352764834250042,3,0.2233579307794571,0.05641861632466316,8-fold printed classification; balanced-center; moderate-radial-banding; medium contrast; high texture
medium,24.25,96,3,2,14,0.2954283356666565,0.21629299223423004,4.540364661122116,3,1.124260353613252,0.9518082770189864,3,0.29814961552619934,0.03026064671576023,2-fold printed classification; balanced-center; moderate-radial-banding; medium contrast; high texture
medium,24.25,97,1,8,14,0.41753655672073364,0.17891180515289307,4.509494302590242,4,0.8215520579115122,1.0026737792159879,3,0.10013294219970703,0.04212785139679909,8-fold printed classification; balanced-center; ring-rich; low contrast; high texture
medium,24.25,97,2,8,14,0.3173331618309021,0.20542308688163757,4.509767903919111,2,1.3189126213450975,0.9733088310072006,3,0.31686004996299744,0.048510581254959106,8-fold printed classification; bright-center; moderate-radial-banding; medium contrast; high texture
medium,24.25,97,3,8,14,0.28875359892845154,0.22734513878822327,4.510677409611015,2,1.1909483808206018,1.0737696930779028,3,0.26998579502105713,0.034822892397642136,8-fold printed classification; balanced-center; moderate-radial-banding; medium contrast; high texture
medium,24.25,98,1,8,14,0.3942631781101227,0.17437244951725006,4.463184555077131,4,0.8354667942083951,1.0507420232793503,8,0.1072344183921814,0.0429643876850605,8-fold printed classification; balanced-center; ring-rich; low contrast; high texture
medium,24.25,98,2,8,14,0.33479052782058716,0.23180890083312988,4.623550124954228,0,1.5991687063532019,0.9825588033482239,3,0.45264196395874023,0.0823780819773674,8-fold printed classification; bright-center; radially-simple; high contrast; high texture
medium,24.25,98,3,8,14,0.2952372133731842,0.24490107595920563,4.476294277823114,1,1.0859126406960964,1.086064312491659,3,0.3352489471435547,0.03152337670326233,8-fold printed classification; balanced-center; radially-simple; high contrast; high texture
medium,24.25,99,1,8,14,0.3756936192512512,0.19442015886306763,4.56341059865948,3,0.7166064883001613,1.1071377045994022,5,0.11593753099441528,0.054705116897821426,8-fold printed classification; dark-center; moderate-radial-banding; low contrast; high texture
medium,24.25,99,2,8,14,0.31978997588157654,0.22662898898124695,4.561655481027467,3,1.2804835332694724,0.9317958304357056,3,0.2750198245048523,0.05915931239724159,8-fold printed classification; bright-center; moderate-radial-banding; medium contrast; high texture
medium,24.25,99,3,8,14,0.29998183250427246,0.2501794993877411,4.522369989114416,2,1.3603457706577116,1.0979322390977087,3,0.36360055208206177,0.049994535744190216,8-fold printed classification; bright-center; moderate-radial-banding; high contrast; high texture
medium,24.25,100,1,unclassified,15,0.3599928915500641,0.17807121574878693,4.463862458628535,3,1.0539432403013897,0.9193635790239232,5,0.11084547638893127,0.03935713320970535,unclassified/indistinct in printed atlas; balanced-center; moderate-radial-banding; low contrast; high texture
medium,24.25,100,2,8,15,0.3009573817253113,0.24917231500148773,4.429161381062196,1,2.243237428763358,1.0137696454041345,3,0.28568580746650696,0.1149282157421112,8-fold printed classification; bright-center; radially-simple; high contrast; medium texture
medium,24.25,100,3,8,15,0.316529780626297,0.2797929644584656,4.34901695178481,1,2.017749383578009,1.2151226618670605,3,0.368884801864624,0.09357023239135742,8-fold printed classification; bright-center; radially-simple; high contrast; medium texture
medium,24.25,101,1,8,15,0.3492690920829773,0.21998892724514008,4.526731270016694,3,0.6784244953382259,1.2461979942919197,3,0.11486092954874039,0.06373441964387894,8-fold printed classification; dark-center; moderate-radial-banding; medium contrast; high texture
medium,24.25,101,2,8,15,0.2840522229671478,0.2726913094520569,4.152245810346473,0,2.8775358987342425,1.2273864500408742,3,0.34791719913482666,0.1330954134464264,8-fold printed classification; bright-center; radially-simple; high contrast; low texture
medium,24.25,101,3,8,15,0.27790597081184387,0.28084754943847656,4.129484244181055,2,2.1192799890519334,1.284864232801034,3,0.45678335428237915,0.08463317900896072,8-fold printed classification; bright-center; moderate-radial-banding; high contrast; low texture
medium,24.25,102,1,8,15,0.33931541442871094,0.2376585304737091,4.461310860082205,3,0.8783959831690952,1.3003373572464065,3,0.18729832768440247,0.05560491979122162,8-fold printed classification; balanced-center; moderate-radial-banding; high contrast; high texture
medium,24.25,102,2,4,15,0.2855807840824127,0.22281107306480408,4.521577866985066,2,1.2588186527799696,1.244778639420448,3,0.314847469329834,0.03774036839604378,4-fold printed classification; balanced-center; moderate-radial-banding; medium contrast; high texture
medium,24.25,102,3,2,15,0.2675204277038574,0.20738700032234192,4.436208837857918,1,1.5879857980884364,1.1558688157677537,3,0.23435471951961517,0.06472411751747131,2-fold printed classification; bright-center; radially-simple; medium contrast; medium texture
medium,24.25,103,1,2,15,0.35894477367401123,0.17414423823356628,4.452235339480885,4,1.0571995292656942,0.9685965927451803,3,0.19448667764663696,0.02924381010234356,2-fold printed classification; balanced-center; ring-rich; low contrast; medium texture
medium,24.25,103,2,unclassified,15,0.24138006567955017,0.17237499356269836,4.240479943157625,1,1.1483890200532278,1.1652298752798673,3,0.2966018319129944,0.054368071258068085,unclassified/indistinct in printed atlas; balanced-center; radially-simple; low contrast; low texture
medium,24.25,103,3,unclassified,15,0.26265233755111694,0.2129792422056198,4.432005999249939,2,1.8222605634521087,0.949972119934381,3,0.2043633610010147,0.07797551900148392,unclassified/indistinct in printed atlas; bright-center; moderate-radial-banding; medium contrast; medium texture
medium,24.25,104,1,unclassified,15,0.2773173153400421,0.13958650827407837,4.081396637162406,3,0.8092838900152243,1.1018346702501087,4,0.11636443436145782,0.034691497683525085,unclassified/indistinct in printed atlas; balanced-center; moderate-radial-banding; low contrast; low texture
medium,24.25,104,2,unclassified,15,0.24581606686115265,0.18404681980609894,4.300775115726924,1,1.0747878433967384,1.1787548793937124,3,0.29082930088043213,0.05331750586628914,unclassified/indistinct in printed atlas; balanced-center; radially-simple; low contrast; medium texture
medium,24.25,104,3,unclassified,15,0.28577834367752075,0.24627631902694702,4.51161108663647,1,2.190976329010687,1.1430242555853112,3,0.3416346311569214,0.10129208862781525,unclassified/indistinct in printed atlas; bright-center; radially-simple; high contrast; high texture
medium,24.25,105,1,unclassified,15,0.2824406921863556,0.14888028800487518,4.159162107055877,5,0.7973693481286662,1.0328279845884734,4,0.09025395661592484,0.035263191908597946,unclassified/indistinct in printed atlas; balanced-center; ring-rich; low contrast; low texture
medium,24.25,105,2,unclassified,15,0.27665433287620544,0.22344163060188293,4.459598066431498,3,1.488841426403013,1.2081691295802874,3,0.35572728514671326,0.07689930498600006,unclassified/indistinct in printed atlas; bright-center; moderate-radial-banding; medium contrast; medium texture
medium,24.25,105,3,unclassified,15,0.287982314825058,0.25541552901268005,4.511456428081008,2,1.9452043464890132,0.9489702653038324,3,0.3234919309616089,0.10010923445224762,unclassified/indistinct in printed atlas; bright-center; moderate-radial-banding; high contrast; high texture
medium,24.25,106,1,unclassified,15,0.2997831106185913,0.16501568257808685,4.28901691641159,3,0.881446452652002,1.0880565843301722,4,0.08571850508451462,0.03850320726633072,unclassified/indistinct in printed atlas; balanced-center; moderate-radial-banding; low contrast; medium texture
medium,24.25,106,2,unclassified,15,0.2699136435985565,0.21828004717826843,4.425029888820643,3,1.5286546546615765,1.1791248009610253,3,0.338890016078949,0.06658484041690826,unclassified/indistinct in printed atlas; bright-center; moderate-radial-banding; medium contrast; medium texture
medium,24.25,106,3,unclassified,15,0.26908963918685913,0.24313268065452576,4.415272364340428,3,1.4911352426584814,0.9799180528186858,3,0.3085111379623413,0.05229228362441063,unclassified/indistinct in printed atlas; bright-center; moderate-radial-banding; high contrast; medium texture
medium,24.25,107,1,4,15,0.33092182874679565,0.19714322686195374,4.431768854026033,3,1.1492073599848853,1.1373575617568368,3,0.11532850563526154,0.04069402068853378,4-fold printed classification; balanced-center; moderate-radial-banding; low contrast; medium texture
medium,24.25,107,2,4,15,0.26510903239250183,0.24119292199611664,4.269442314758458,1,2.2561455862613857,1.2388982494056848,3,0.2561781108379364,0.09424249827861786,4-fold printed classification; bright-center; radially-simple; high contrast; low texture
medium,24.25,107,3,unclassified,15,0.24575503170490265,0.2448885440826416,4.172797342358981,3,1.9727773041403585,1.0368154481089298,3,0.28132593631744385,0.07542550563812256,unclassified/indistinct in printed atlas; bright-center; moderate-radial-banding; high contrast; low texture
medium,24.25,108,1,4,15,0.34036776423454285,0.19018836319446564,4.431398792320791,4,1.2451295412315042,1.1749051393321899,3,0.12529481947422028,0.038965459913015366,4-fold printed classification; balanced-center; ring-rich; low contrast; medium texture
medium,24.25,108,2,unclassified,15,0.2705228626728058,0.22386258840560913,4.41187772792368,1,1.7084791683797103,1.183339612964665,3,0.24773257970809937,0.0768689513206482,unclassified/indistinct in printed atlas; bright-center; radially-simple; medium contrast; medium texture
medium,24.25,108,3,unclassified,15,0.25513213872909546,0.2207735925912857,4.312697794618545,4,1.5620058150087572,1.2131976212784124,3,0.32701733708381653,0.05450154095888138,unclassified/indistinct in printed atlas; bright-center; ring-rich; medium contrast; medium texture
medium,24.25,109,1,unclassified,15,0.3306776285171509,0.211110919713974,4.463017374766223,3,1.2314393621391604,1.100276510379048,3,0.15048779547214508,0.03720824420452118,unclassified/indistinct in printed atlas; balanced-center; moderate-radial-banding; medium contrast; high texture
medium,24.25,109,2,10,15,0.2534850835800171,0.17384305596351624,4.278458371882599,3,1.1646551759858121,0.9961228039254278,3,0.19472083449363708,0.033844511955976486,10-fold printed classification; balanced-center; moderate-radial-banding; low contrast; medium texture
medium,24.25,109,3,10,15,0.2519393861293793,0.17887888848781586,4.3057920655043995,1,1.5053913832116947,1.1590226850042005,3,0.2173723578453064,0.049258120357990265,10-fold printed classification; bright-center; radially-simple; low contrast; medium texture
medium,24.25,110,1,unclassified,15,0.3085818886756897,0.22162103652954102,4.43449090820457,5,1.0438542947865848,1.1152621276492711,9,0.10408171266317368,0.041817810386419296,unclassified/indistinct in printed atlas; balanced-center; ring-rich; medium contrast; medium texture
medium,24.25,110,2,10,15,0.26987650990486145,0.19421878457069397,4.38833599882957,2,1.1213624357425063,1.025467111610478,3,0.22743389010429382,0.03049970231950283,10-fold printed classification; balanced-center; moderate-radial-banding; low contrast; medium texture
medium,24.25,110,3,unclassified,15,0.2741330862045288,0.19560201466083527,4.3968847639493225,1,1.6380027551741883,1.085127559198712,3,0.18477031588554382,0.06709831953048706,unclassified/indistinct in printed atlas; bright-center; radially-simple; low contrast; medium texture
medium,24.25,111,1,10,15,0.37782764434814453,0.17802289128303528,4.4924181236103955,3,1.1169009782914883,0.8965231664716434,4,0.12608103454113007,0.04470722749829292,10-fold printed classification; balanced-center; moderate-radial-banding; low contrast; high texture
medium,24.25,111,2,10,15,0.2761749029159546,0.19205257296562195,4.381660393905226,3,1.1140127042015906,1.0044935332407132,3,0.2880987823009491,0.033086419105529785,10-fold printed classification; balanced-center; moderate-radial-banding; low contrast; medium texture
medium,24.25,111,3,2,15,0.2812536656856537,0.19717134535312653,4.433276841073851,3,1.3327149560819456,1.0813683053604266,3,0.138911172747612,0.04095960780978203,2-fold printed classification; bright-center; moderate-radial-banding; low contrast; medium texture
medium,24.25,112,1,10,15,0.366738498210907,0.18547184765338898,4.529124952556439,4,1.069962634010599,0.9301898606033399,4,0.13428843021392822,0.027319680899381638,10-fold printed classification; balanced-center; ring-rich; low contrast; high texture
medium,24.25,112,2,10,15,0.2765407860279083,0.18973049521446228,4.377503588410751,5,1.116400930700693,0.9529759867960438,3,0.304951012134552,0.03381223604083061,10-fold printed classification; balanced-center; ring-rich; low contrast; medium texture
medium,24.25,112,3,2,15,0.2807070314884186,0.19800299406051636,4.432023191872635,1,1.4182802507851027,1.0753558192084083,3,0.1560480296611786,0.04617121443152428,2-fold printed classification; bright-center; radially-simple; low contrast; medium texture
medium,24.25,113,1,10,15,0.3527778685092926,0.18661051988601685,4.503814149143189,3,0.9173043653605424,0.9567737881724299,4,0.1256808191537857,0.029629863798618317,10-fold printed classification; balanced-center; moderate-radial-banding; low contrast; high texture
medium,24.25,113,2,10,15,0.29515165090560913,0.21291574835777283,4.43715701206528,3,1.1710436647373739,0.8901451985370769,3,0.40054619312286377,0.04456368461251259,10-fold printed classification; balanced-center; moderate-radial-banding; medium contrast; medium texture
medium,24.25,113,3,10,15,0.29193100333213806,0.2211255133152008,4.526533481632479,3,1.5565611118856786,0.9963259828937585,3,0.2511654794216156,0.06559599190950394,10-fold printed classification; bright-center; moderate-radial-banding; medium contrast; high texture
medium,24.25,114,1,10,15,0.37571266293525696,0.20240525901317596,4.528968533084503,4,0.9952367561227544,1.0030069553153549,5,0.10004130750894547,0.03184983506798744,10-fold printed classification; balanced-center; ring-rich; low contrast; high texture
medium,24.25,114,2,10,15,0.2899819016456604,0.23133301734924316,4.456347100140759,1,1.308966035650774,0.8162207663868255,3,0.40800949931144714,0.061786893755197525,10-fold printed classification; bright-center; radially-simple; high contrast; medium texture
medium,24.25,114,3,10,15,0.2916187345981598,0.22741037607192993,4.481392231483557,2,1.7756954897833257,1.0397717992193345,3,0.24784459173679352,0.07891927659511566,10-fold printed classification; bright-center; moderate-radial-banding; medium contrast; high texture
medium,24.25,115,1,10,15,0.3443242013454437,0.21598833799362183,4.5488510649296225,2,0.5983588870980906,0.995925038350044,4,0.1790112853050232,0.06527385115623474,10-fold printed classification; dark-center; moderate-radial-banding; medium contrast; high texture
medium,24.25,115,2,16,15,0.2956436574459076,0.2338068038225174,4.360402012302064,2,1.9146516264755504,0.9106022546225281,3,0.46889492869377136,0.10551506280899048,16-fold printed classification; bright-center; moderate-radial-banding; high contrast; medium texture
medium,24.25,115,3,10,15,0.2647697627544403,0.21799500286579132,4.314901502650202,3,1.3523967507817973,0.8427162880699103,3,0.42331719398498535,0.04695727676153183,10-fold printed classification; bright-center; moderate-radial-banding; medium contrast; medium texture
medium,24.25,116,1,10,15,0.2666131854057312,0.22795212268829346,4.004411894313564,2,0.26083696365291614,1.2950279952165544,4,0.13052593171596527,0.09346933662891388,10-fold printed classification; dark-center; moderate-radial-banding; high contrast; low texture
medium,24.25,116,2,16,15,0.2948550879955292,0.24821734428405762,4.353820400316113,1,2.189336510818216,1.0164955147910764,3,0.48676228523254395,0.11908252537250519,16-fold printed classification; bright-center; radially-simple; high contrast; medium texture
medium,24.25,116,3,10,15,0.2613474726676941,0.22123096883296967,4.2639937439422,3,1.5442176062365,0.8475063361485157,3,0.39958497881889343,0.05881413817405701,10-fold printed classification; bright-center; moderate-radial-banding; medium contrast; low texture
medium,24.25,117,1,16,15,0.19122298061847687,0.2144661247730255,3.161215305370036,1,0.287718302180206,1.4265267839450557,3,0.15012019872665405,0.10220007598400116,16-fold printed classification; dark-center; radially-simple; medium contrast; low texture
medium,24.25,117,2,6,15,0.24224065244197845,0.20351579785346985,4.257498682981596,2,0.8143325652003669,1.0808269882556123,3,0.18318112194538116,0.04208488389849663,6-fold printed classification; balanced-center; moderate-radial-banding; low contrast; low texture
medium,24.25,117,3,2,15,0.2608563005924225,0.21350297331809998,4.3898882321541635,0,1.887227999175408,1.157102274291539,5,0.1611170470714569,0.07623083889484406,2-fold printed classification; bright-center; radially-simple; medium contrast; medium texture
medium,24.25,118,1,16,15,0.19193260371685028,0.21143639087677002,3.1934308955187194,1,0.2812762730231227,1.3776784281065357,4,0.11627203971147537,0.09739841520786285,16-fold printed classification; dark-center; radially-simple; medium contrast; low texture
medium,24.25,118,2,6,15,0.2298995703458786,0.19174256920814514,4.205796036092809,3,0.8618050016531325,1.0653972077945917,3,0.15968570113182068,0.025236627086997032,6-fold printed classification; balanced-center; moderate-radial-banding; low contrast; low texture
medium,24.25,118,3,2,15,0.2465786635875702,0.2112763524055481,4.310439463162846,3,1.524401622575866,1.1536898386369512,5,0.17619653046131134,0.048539530485868454,2-fold printed classification; bright-center; moderate-radial-banding; medium contrast; medium texture
medium,24.25,119,1,6,15,0.3549000322818756,0.2028052806854248,4.558039036823725,4,1.2746596301759912,0.9387326140505257,4,0.13477972149848938,0.052444539964199066,6-fold printed classification; balanced-center; ring-rich; low contrast; high texture
medium,24.25,119,2,2,15,0.22314298152923584,0.17994636297225952,4.1544972809032625,4,1.1610880107230106,1.1088413183801973,3,0.2070177048444748,0.02442779205739498,2-fold printed classification; balanced-center; ring-rich; low contrast; low texture
medium,24.25,119,3,2,15,0.25913989543914795,0.2264699637889862,4.400120037694558,1,1.7957268068074463,0.8561314052534257,3,0.19405637681484222,0.0864914134144783,2-fold printed classification; bright-center; radially-simple; medium contrast; medium texture
medium,24.25,120,1,6,15,0.3518453538417816,0.21501825749874115,4.561935478755662,3,1.3812414838020315,0.9383648025751052,4,0.14478608965873718,0.06072882190346718,6-fold printed classification; bright-center; moderate-radial-banding; medium contrast; high texture
medium,24.25,120,2,2,15,0.22699692845344543,0.1910872757434845,4.166931066677006,3,1.036363497522294,0.9818462678269412,3,0.24284574389457703,0.03482549265027046,2-fold printed classification; balanced-center; moderate-radial-banding; low contrast; low texture
medium,24.25,120,3,2,15,0.25646504759788513,0.22591052949428558,4.366920461668907,1,1.8215317932188666,0.9054771775327756,3,0.14650385081768036,0.08103731274604797,2-fold printed classification; bright-center; radially-simple; medium contrast; medium texture
medium,24.25,121,1,2,15,0.3141815960407257,0.18865199387073517,4.425978407702896,3,0.9237899835933074,0.743500817199768,3,0.18344911932945251,0.05407144874334335,2-fold printed classification; balanced-center; moderate-radial-banding; low contrast; medium texture
medium,24.25,121,2,2,15,0.23024167120456696,0.21332406997680664,4.108043187711262,3,1.398175313346317,1.1939743805020502,3,0.23289386928081512,0.043334584683179855,2-fold printed classification; bright-center; moderate-radial-banding; medium contrast; low texture
medium,24.25,121,3,2,15,0.19820906221866608,0.19760632514953613,3.9078012255465246,3,0.8818161012024874,0.9299216879726321,5,0.17269885540008545,0.03164709731936455,2-fold printed classification; balanced-center; moderate-radial-banding; low contrast; low texture
medium,24.25,122,1,2,15,0.31638258695602417,0.2237836718559265,4.333077156450805,2,0.7694720176294596,0.8444845440354688,3,0.1614113748073578,0.0472540445625782,2-fold printed classification; balanced-center; moderate-radial-banding; medium contrast; medium texture
medium,24.25,122,2,2,15,0.22625286877155304,0.22734886407852173,3.949861848953022,2,2.3739637043157398,1.4908295756169392,3,0.22255101799964905,0.08299624919891357,2-fold printed classification; bright-center; moderate-radial-banding; medium contrast; low texture
medium,24.25,122,3,2,15,0.19889675080776215,0.23196986317634583,3.6851774170762948,2,1.8155217552335563,0.9749412821498312,3,0.3182261288166046,0.06338487565517426,2-fold printed classification; bright-center; moderate-radial-banding; high contrast; low texture
medium,24.25,123,1,2,15,0.335035115480423,0.24569450318813324,4.441953837552466,3,1.6464315949084518,0.8635788611295827,3,0.16843226552009583,0.09063892066478729,2-fold printed classification; bright-center; moderate-radial-banding; high contrast; medium texture
medium,24.25,123,2,2,15,0.22094404697418213,0.22367599606513977,3.8896705639363156,1,2.9565215440272774,1.4319177200266329,3,0.2508896589279175,0.10116399824619293,2-fold printed classification; bright-center; radially-simple; medium contrast; low texture
medium,24.25,123,3,2,15,0.18870577216148376,0.2278430014848709,3.553955303571508,2,1.9117346328864802,0.8086186490950478,3,0.4065236747264862,0.062465451657772064,2-fold printed classification; bright-center; moderate-radial-banding; high contrast; low texture
medium,24.25,124,1,unclassified,15,0.15409260988235474,0.18876317143440247,2.771568642583178,2,0.5424830236839394,1.8918944750655218,3,0.24213583767414093,0.07093167304992676,unclassified/indistinct in printed atlas; dark-center; moderate-radial-banding; low contrast; low texture
medium,24.25,124,2,2,15,0.22346177697181702,0.2464742362499237,3.7572995916055225,1,3.1764172897150638,1.2207520585744067,3,0.33395862579345703,0.11860132217407227,2-fold printed classification; bright-center; radially-simple; high contrast; low texture
medium,24.25,124,3,unclassified,15,0.19141727685928345,0.23208832740783691,3.4782023128609203,3,1.7207396429402273,0.9223482004936342,3,0.37729236483573914,0.052975840866565704,unclassified/indistinct in printed atlas; bright-center; moderate-radial-banding; high contrast; low texture
medium,24.25,125,1,unclassified,15,0.1638854444026947,0.19254671037197113,2.9012968030755886,2,0.49373097034751284,1.713797050687727,3,0.21516966819763184,0.06554803997278214,unclassified/indistinct in printed atlas; dark-center; moderate-radial-banding; low contrast; low texture
medium,24.25,125,2,12,15,0.3093791902065277,0.2185894250869751,4.51414891420904,1,1.4723488559987046,0.9807150551327809,3,0.3104989528656006,0.06567306071519852,12-fold printed classification; bright-center; radially-simple; medium contrast; high texture
medium,24.25,125,3,unclassified,15,0.2905261218547821,0.21494875848293304,4.469562691324762,1,1.5104477135564036,1.0384865182626055,3,0.24525552988052368,0.053640637546777725,unclassified/indistinct in printed atlas; bright-center; radially-simple; medium contrast; high texture
medium,24.25,126,1,12,15,0.359890341758728,0.2208394557237625,4.502410800651033,1,0.6974459203191641,1.0755611685137065,3,0.1494414061307907,0.06326265633106232,12-fold printed classification; dark-center; radially-simple; medium contrast; high texture
medium,24.25,126,2,12,15,0.3135848045349121,0.21263806521892548,4.537822673441072,4,1.124478874488231,0.9692320564871256,3,0.3390830457210541,0.03324921056628227,12-fold printed classification; balanced-center; ring-rich; medium contrast; high texture
medium,24.25,126,3,12,15,0.3167606294155121,0.21987596154212952,4.54271604846395,2,1.5111997157192847,0.9790495624721276,3,0.3017876148223877,0.05755818635225296,12-fold printed classification; bright-center; moderate-radial-banding; medium contrast; high texture
medium,24.25,127,1,12,15,0.35189443826675415,0.2222982943058014,4.492307777509933,2,0.6116990031721887,1.1157613994822642,3,0.18179726600646973,0.07041241973638535,12-fold printed classification; dark-center; moderate-radial-banding; medium contrast; high texture
medium,24.25,127,2,12,15,0.3364415466785431,0.21688583493232727,4.539054327773823,1,1.4946206685959618,0.9834790499671475,3,0.3711748719215393,0.05820454657077789,12-fold printed classification; bright-center; radially-simple; medium contrast; high texture
medium,24.25,127,3,12,15,0.3190324604511261,0.22903798520565033,4.58122104267306,2,1.6653402402324977,0.998668372238163,3,0.2525842487812042,0.07348702102899551,12-fold printed classification; bright-center; moderate-radial-banding; high contrast; high texture
medium,24.25,128,1,12,15,0.36730077862739563,0.22726909816265106,4.516621492368538,2,0.7099180574155555,1.1148426758977672,3,0.12695491313934326,0.06592778861522675,12-fold printed classification; dark-center; moderate-radial-banding; medium contrast; high texture
medium,24.25,128,2,12,15,0.3354869782924652,0.2189313918352127,4.592669689733539,3,1.3391245334034367,1.0776962394094107,3,0.3951573371887207,0.049598030745983124,12-fold printed classification; bright-center; moderate-radial-banding; medium contrast; high texture
medium,24.25,128,3,12,15,0.3136671185493469,0.22148427367210388,4.556070647329088,1,1.572893159045778,1.008874354607472,3,0.2525993585586548,0.06510576605796814,12-fold printed classification; bright-center; radially-simple; medium contrast; high texture
medium,24.25,129,1,12,15,0.4124436378479004,0.2256002277135849,4.630897504788159,3,0.6998373552706633,1.0889567185535287,8,0.11954686790704727,0.06222502514719963,12-fold printed classification; dark-center; moderate-radial-banding; medium contrast; high texture
medium,24.25,129,2,18,15,0.33952948451042175,0.23083500564098358,4.638128106195923,3,1.5140651937472611,1.0146859990728028,3,0.4029611647129059,0.07701246440410614,18-fold printed classification; bright-center; moderate-radial-banding; high contrast; high texture
medium,24.25,129,3,12,15,0.29143911600112915,0.2205546796321869,4.526019613752648,3,1.1998744632005043,0.9503260749467726,3,0.35261785984039307,0.02846015803515911,12-fold printed classification; balanced-center; moderate-radial-banding; medium contrast; high texture
medium,24.25,130,1,18,15,0.39135098457336426,0.2293839156627655,4.592440102631416,3,0.9087327332193964,1.046261903416234,3,0.13045567274093628,0.06479746103286743,18-fold printed classification; balanced-center; moderate-radial-banding; high contrast; high texture
medium,24.25,130,2,8,15,0.29772529006004333,0.22682297229766846,4.5043363304200685,2,1.6564039915396251,1.1566817787226524,3,0.23842786252498627,0.06074805557727814,8-fold printed classification; bright-center; moderate-radial-banding; medium contrast; high texture
medium,24.25,130,3,18,15,0.25949469208717346,0.21238207817077637,4.356087241851673,4,1.1525870403271685,1.2354970134879049,3,0.25149834156036377,0.03033776953816414,18-fold printed classification; balanced-center; ring-rich; medium contrast; medium texture
medium,24.25,131,1,8,15,0.42651110887527466,0.1855834424495697,4.573681080347509,2,0.9667638957874235,0.865250208233258,5,0.13191348314285278,0.04367195814847946,8-fold printed classification; balanced-center; moderate-radial-banding; low contrast; high texture
medium,24.25,131,2,8,15,0.30243074893951416,0.22989799082279205,4.53629068462518,2,1.6863916274218576,1.0829748195186033,3,0.2640897035598755,0.06765718013048172,8-fold printed classification; bright-center; moderate-radial-banding; high contrast; high texture
medium,24.25,131,3,2,15,0.27386391162872314,0.21888108551502228,4.426767910758404,4,1.1590440344453432,1.08039200745905,3,0.1828610748052597,0.03600115329027176,2-fold printed classification; balanced-center; ring-rich; medium contrast; medium texture
medium,24.25,132,1,8,15,0.4221227765083313,0.19806312024593353,4.6424326476173645,2,0.9311311691521844,0.8704637899113492,5,0.12068545073270798,0.057842474430799484,8-fold printed classification; balanced-center; moderate-radial-banding; low contrast; high texture
medium,24.25,132,2,8,15,0.31183573603630066,0.244398295879364,4.601731850634586,2,1.6657120373583754,1.0681028001171344,3,0.21685552597045898,0.06810371577739716,8-fold printed classification; bright-center; moderate-radial-banding; high contrast; high texture
medium,24.25,132,3,2,15,0.27337944507598877,0.2101922184228897,4.419485871781073,1,1.2520200115406932,1.0243694419258678,3,0.14612187445163727,0.045992277562618256,2-fold printed classification; balanced-center; radially-simple; medium contrast; medium texture
medium,24.25,133,1,8,15,0.41297245025634766,0.20237933099269867,4.649884233592378,3,0.8656006182344407,0.8584989376099322,3,0.14695321023464203,0.05698339641094208,8-fold printed classification; balanced-center; moderate-radial-banding; low contrast; high texture
medium,24.25,133,2,8,15,0.31111839413642883,0.24418887495994568,4.552047718473635,1,1.734711054936534,0.9455512463642933,3,0.23180590569972992,0.07929681241512299,8-fold printed classification; bright-center; radially-simple; high contrast; high texture
medium,24.25,133,3,2,15,0.2527711093425751,0.20817771553993225,4.319142832331403,1,1.166987759005832,0.999762155679509,3,0.16078446805477142,0.04192885011434555,2-fold printed classification; balanced-center; radially-simple; medium contrast; medium texture
medium,24.25,134,1,8,15,0.3994372487068176,0.19777388870716095,4.614485246191121,2,0.829418500299816,0.8839923125549759,3,0.15717187523841858,0.04242328554391861,8-fold printed classification; balanced-center; moderate-radial-banding; low contrast; high texture
medium,24.25,134,2,8,15,0.2925852835178375,0.24136750400066376,4.4583655297074944,1,1.916225185421181,1.0492660966994165,3,0.24142701923847198,0.08213075250387192,8-fold printed classification; bright-center; radially-simple; high contrast; medium texture
medium,24.25,134,3,2,15,0.23593905568122864,0.20538447797298431,4.227585853392718,1,1.2301364960383117,0.9782571779781798,3,0.15363213419914246,0.040834084153175354,2-fold printed classification; balanced-center; radially-simple; medium contrast; low texture
medium,24.25,135,1,8,15,0.36015596985816956,0.19226035475730896,4.5224374071871525,2,0.959421931528069,0.9306694440624191,3,0.17537949979305267,0.03538323938846588,8-fold printed classification; balanced-center; moderate-radial-banding; low contrast; high texture
medium,24.25,135,2,2,15,0.22308573126792908,0.18002407252788544,4.172764825587981,2,1.1213802397299941,1.181530204330435,3,0.2195386439561844,0.044088590890169144,2-fold printed classification; balanced-center; moderate-radial-banding; low contrast; low texture
medium,24.25,135,3,2,15,0.2433006316423416,0.20107358694076538,4.330654903579892,3,1.3861691138471999,0.9248650090674955,3,0.15400107204914093,0.03875110670924187,2-fold printed classification; bright-center; moderate-radial-banding; low contrast; medium texture
medium,24.25,136,1,8,15,0.35262539982795715,0.2003822922706604,4.542055139495339,4,1.0170412594101885,0.9136346611539363,4,0.18602634966373444,0.03441354259848595,8-fold printed classification; balanced-center; ring-rich; low contrast; high texture
medium,24.25,136,2,unclassified,15,0.2601260840892792,0.18438775837421417,4.3746996729524374,2,0.875049401817846,1.137988767627916,3,0.16033101081848145,0.04951472580432892,unclassified/indistinct in printed atlas; balanced-center; moderate-radial-banding; low contrast; medium texture
medium,24.25,136,3,2,15,0.23192785680294037,0.177152618765831,4.227494924761335,2,0.997460292620243,1.057615282308887,3,0.19729873538017273,0.02624257281422615,2-fold printed classification; balanced-center; moderate-radial-banding; low contrast; low texture
medium,24.25,137,1,2,15,0.3069574534893036,0.1769809126853943,4.385320034462427,3,1.168960210135129,0.7831699525520823,5,0.10499254614114761,0.08204642683267593,2-fold printed classification; balanced-center; moderate-radial-banding; low contrast; medium texture
medium,24.25,137,2,unclassified,15,0.2301228940486908,0.1968592405319214,4.216655074440748,4,1.1361799085242803,0.9858324229160657,3,0.20934537053108215,0.04298246651887894,unclassified/indistinct in printed atlas; balanced-center; ring-rich; low contrast; low texture
medium,24.25,137,3,unclassified,15,0.18609382212162018,0.16735655069351196,3.910011710546244,2,1.0863256218091772,1.0942779425592972,3,0.16011926531791687,0.03945571556687355,unclassified/indistinct in printed atlas; balanced-center; moderate-radial-banding; low contrast; low texture
medium,24.25,138,1,unclassified,15,0.341079443693161,0.15629641711711884,4.314110419625996,3,0.867049209948993,0.8879212247246161,3,0.17956776916980743,0.03979501500725746,unclassified/indistinct in printed atlas; balanced-center; moderate-radial-banding; low contrast; medium texture
medium,24.25,138,2,unclassified,15,0.2082248479127884,0.186554953455925,4.064105140862763,5,1.257503527255272,1.1137075084595076,3,0.17798636853694916,0.047015879303216934,unclassified/indistinct in printed atlas; balanced-center; ring-rich; low contrast; low texture
medium,24.25,138,3,unclassified,15,0.18105453252792358,0.17424750328063965,3.8325345577397836,4,1.1526333251679541,1.101837667139423,3,0.18634267151355743,0.040132418274879456,unclassified/indistinct in printed atlas; balanced-center; ring-rich; low contrast; low texture
medium,24.25,139,1,unclassified,15,0.30697280168533325,0.19126927852630615,4.452679287913286,3,0.9520782005231448,0.9136968048730902,5,0.07872462272644043,0.040413592010736465,unclassified/indistinct in printed atlas; balanced-center; moderate-radial-banding; low contrast; medium texture
medium,24.25,139,2,unclassified,15,0.22142350673675537,0.20264455676078796,4.120773927159605,4,1.2676684243876453,0.9763043692538571,3,0.16375449299812317,0.04892070218920708,unclassified/indistinct in printed atlas; balanced-center; ring-rich; low contrast; low texture
medium,24.25,139,3,unclassified,15,0.18517357110977173,0.1747489869594574,3.8782949053548235,3,1.1416740303302773,1.1219300189407266,3,0.15858028829097748,0.040389951318502426,unclassified/indistinct in printed atlas; balanced-center; moderate-radial-banding; low contrast; low texture
medium,24.25,140,1,unclassified,15,0.2974882125854492,0.2113678753376007,4.459309608758775,3,0.8531972764141867,0.9511093167256561,4,0.09340772032737732,0.04731817916035652,unclassified/indistinct in printed atlas; balanced-center; moderate-radial-banding; medium contrast; medium texture
medium,24.25,140,2,14,15,0.2602478265762329,0.21872206032276154,4.317996069586539,3,1.2148702621376948,0.717630810650391,3,0.31287503242492676,0.06394293159246445,14-fold printed classification; balanced-center; moderate-radial-banding; medium contrast; medium texture
medium,24.25,140,3,unclassified,15,0.24598021805286407,0.20977243781089783,4.233226136690941,2,1.4525763285272049,0.8284298459035199,3,0.265674352645874,0.04907375946640968,unclassified/indistinct in printed atlas; bright-center; moderate-radial-banding; medium contrast; low texture
medium,24.25,141,1,14,15,0.26859763264656067,0.2267918437719345,3.990635389406097,2,0.24821273953173686,1.1496960737307473,3,0.11011934280395508,0.10008031874895096,14-fold printed classification; dark-center; moderate-radial-banding; medium contrast; low texture
medium,24.25,141,2,14,15,0.2746289372444153,0.2132706493139267,4.4017752016439005,1,1.0615102752645253,0.7730513860256011,3,0.3249051570892334,0.05494464561343193,14-fold printed classification; balanced-center; radially-simple; medium contrast; medium texture
medium,24.25,141,3,unclassified,15,0.25351351499557495,0.2065761238336563,4.249334781273048,2,1.5767643345120141,0.8320473860878803,3,0.27678513526916504,0.05927848443388939,unclassified/indistinct in printed atlas; bright-center; moderate-radial-banding; medium contrast; low texture
medium,24.25,142,1,14,15,0.2605133354663849,0.22412681579589844,3.9109024365096605,0,0.24607304425345627,1.160199537641856,3,0.1222819834947586,0.10089065879583359,14-fold printed classification; dark-center; radially-simple; medium contrast; low texture
medium,24.25,142,2,14,15,0.276777982711792,0.22413358092308044,4.393283172163086,2,1.19996857074358,0.7694523402236509,3,0.41200685501098633,0.06621864438056946,14-fold printed classification; balanced-center; moderate-radial-banding; medium contrast; medium texture
medium,24.25,142,3,14,15,0.2638905942440033,0.21566562354564667,4.2959591466927955,1,1.333941987094598,0.8769079043184068,3,0.2919192314147949,0.043309662491083145,14-fold printed classification; bright-center; radially-simple; medium contrast; medium texture
medium,24.25,143,1,14,15,0.2553163468837738,0.22712630033493042,3.8264401300955195,0,0.24950916399309095,1.2324593225121165,10,0.09051698446273804,0.10297205299139023,14-fold printed classification; dark-center; radially-simple; medium contrast; low texture
medium,24.25,143,2,14,15,0.2671475410461426,0.22961413860321045,4.314803600012179,3,1.2723029121443958,0.7771224133460407,3,0.4390707015991211,0.06182155758142471,14-fold printed classification; balanced-center; moderate-radial-banding; high contrast; medium texture
medium,24.25,143,3,14,15,0.26474079489707947,0.22937338054180145,4.296415889099318,2,1.496577723377895,0.9051098211632246,3,0.297765851020813,0.055068809539079666,14-fold printed classification; bright-center; moderate-radial-banding; high contrast; medium texture
medium,24.25,144,1,20,15,0.1797310709953308,0.21404793858528137,2.8571432594997495,1,0.4106467938093188,1.8012985535287769,3,0.16466088593006134,0.10868459939956665,20-fold printed classification; dark-center; radially-simple; medium contrast; low texture
medium,24.25,144,2,20,15,0.2721559405326843,0.23951147496700287,4.145107671767993,1,1.6705514275236508,1.0141129798550512,3,0.4939298629760742,0.09678958356380463,20-fold printed classification; bright-center; radially-simple; high contrast; low texture
medium,24.25,144,3,20,15,0.26284295320510864,0.2384161651134491,4.157775406263018,1,1.7334777206712655,0.8691298752630814,3,0.4619925916194916,0.07542923837900162,20-fold printed classification; bright-center; radially-simple; high contrast; low texture
medium,24.25,145,1,20,15,0.17481733858585358,0.21711528301239014,2.769293854316389,1,0.4356557866556719,1.8849682017229212,3,0.2183547019958496,0.1081208884716034,20-fold printed classification; dark-center; radially-simple; medium contrast; low texture
medium,24.25,145,2,20,15,0.28114473819732666,0.2571988105773926,4.043537518620393,1,2.1356948079798266,1.004869013088388,3,0.4969668686389923,0.10671757161617279,20-fold printed classification; bright-center; radially-simple; high contrast; low texture
medium,24.25,145,3,20,15,0.2562227249145508,0.24998152256011963,4.040097196517721,2,2.535055317942677,0.9740752450804608,3,0.4713592231273651,0.11862409114837646,20-fold printed classification; bright-center; moderate-radial-banding; high contrast; low texture
medium,24.25,146,1,20,15,0.16328297555446625,0.2036324143409729,2.680945879355293,1,0.47420090914817276,1.9120933690185027,3,0.21414342522621155,0.0977410078048706,20-fold printed classification; dark-center; radially-simple; medium contrast; low texture
medium,24.25,146,2,20,15,0.27913931012153625,0.25869062542915344,4.078511389165764,0,2.27657864501649,0.9478403270358353,3,0.4386817216873169,0.111537404358387,20-fold printed classification; bright-center; radially-simple; high contrast; low texture
medium,24.25,146,3,20,15,0.24753187596797943,0.2465653121471405,4.004179975745923,2,1.6554923229065144,1.0667295212348804,3,0.4666883945465088,0.09166758507490158,20-fold printed classification; bright-center; moderate-radial-banding; high contrast; low texture
medium,24.25,147,1,20,15,0.14380158483982086,0.18798619508743286,2.4486777830409876,1,0.620447200294282,2.392999503230579,3,0.2857678234577179,0.08892055600881577,20-fold printed classification; dark-center; radially-simple; low contrast; low texture
medium,24.25,147,2,10,15,0.28776195645332336,0.2157192826271057,4.5011263274812645,2,1.0707736194867556,1.1327071539339801,3,0.30772706866264343,0.043936558067798615,10-fold printed classification; balanced-center; moderate-radial-banding; medium contrast; high texture
medium,24.25,147,3,20,15,0.27631711959838867,0.21731358766555786,4.411246568065132,1,1.3815576220406693,1.1892437939134317,3,0.32311034202575684,0.039151206612586975,20-fold printed classification; bright-center; radially-simple; medium contrast; medium texture
medium,24.25,148,1,10,15,0.4260137379169464,0.18551547825336456,4.5355576758508525,3,0.9685699821724316,0.8617428169733684,5,0.09817543625831604,0.04060863330960274,10-fold printed classification; balanced-center; moderate-radial-banding; low contrast; high texture
medium,24.25,148,2,10,15,0.30928853154182434,0.21137334406375885,4.5308493722919865,3,1.4558289405479699,0.9690465416725708,3,0.24415536224842072,0.05178085342049599,10-fold printed classification; bright-center; moderate-radial-banding; medium contrast; high texture
medium,24.25,148,3,10,15,0.27134260535240173,0.1977989673614502,4.400666769178841,3,1.1519581901454188,1.0099546559345791,3,0.17695514857769012,0.022516723722219467,10-fold printed classification; balanced-center; moderate-radial-banding; low contrast; medium texture
medium,24.25,149,1,10,15,0.4251598119735718,0.2017282247543335,4.624191236192097,2,1.012403965316107,0.8350158791884452,5,0.09699927270412445,0.0467408113181591,10-fold printed classification; balanced-center; moderate-radial-banding; low contrast; high texture
medium,24.25,149,2,10,15,0.2917385399341583,0.21194800734519958,4.506250939433871,3,1.009709705915611,0.970495725505651,3,0.275501549243927,0.0399358794093132,10-fold printed classification; balanced-center; moderate-radial-banding; medium contrast; high texture
medium,24.25,149,3,10,15,0.2780466675758362,0.2095424234867096,4.43617125603267,4,1.3623342195851578,1.1158114182364305,3,0.22686637938022614,0.040704745799303055,10-fold printed classification; bright-center; ring-rich; medium contrast; medium texture
medium,24.25,150,1,10,16,0.4254649579524994,0.209365114569664,4.6515679907773775,3,0.996191843654216,0.8637072972662171,6,0.10591641813516617,0.04823940247297287,10-fold printed classification; balanced-center; moderate-radial-banding; medium contrast; high texture
medium,24.25,150,2,10,16,0.3136649429798126,0.22131265699863434,4.570873539500832,1,1.6455165441973716,0.9313811089469939,3,0.23467916250228882,0.07228034734725952,10-fold printed classification; bright-center; radially-simple; medium contrast; high texture
medium,24.25,150,3,10,16,0.26293256878852844,0.19676555693149567,4.364069598156545,3,1.4519275983742284,1.1709138982452663,3,0.1755502074956894,0.04077591374516487,10-fold printed classification; bright-center; moderate-radial-banding; low contrast; medium texture
medium,24.25,151,1,10,16,0.40807926654815674,0.21212415397167206,4.660104388194057,3,1.056863191811174,1.0035719575154323,3,0.11425547301769257,0.03940963000059128,10-fold printed classification; balanced-center; moderate-radial-banding; medium contrast; high texture
medium,24.25,151,2,2,16,0.2841578423976898,0.19739563763141632,4.465929713343266,3,1.1934722902102384,1.093151487393626,3,0.3047947287559509,0.034395571798086166,2-fold printed classification; balanced-center; moderate-radial-banding; low contrast; high texture
medium,24.25,151,3,10,16,0.2472221404314041,0.180453822016716,4.293136909539206,3,0.9438794921767363,1.209329877987378,3,0.2845466434955597,0.031638696789741516,10-fold printed classification; balanced-center; moderate-radial-banding; low contrast; medium texture
medium,24.25,152,1,10,16,0.3734796941280365,0.21921364963054657,4.601088724454939,4,1.026119734236314,1.08851949506701,3,0.14219239354133606,0.03969983011484146,10-fold printed classification; balanced-center; ring-rich; medium contrast; high texture
medium,24.25,152,2,6,16,0.30480271577835083,0.21983958780765533,4.554765189288559,3,1.081213674389663,0.9200012218962679,3,0.33555710315704346,0.03680647537112236,6-fold printed classification; balanced-center; moderate-radial-banding; medium contrast; high texture
medium,24.25,152,3,10,16,0.2584988474845886,0.20431293547153473,4.350158874240611,4,1.2953875114398383,1.2119317301842192,3,0.22303424775600433,0.03968594968318939,10-fold printed classification; bright-center; ring-rich; medium contrast; medium texture
medium,24.25,153,1,2,16,0.43356946110725403,0.18191416561603546,4.540689941830355,4,1.2435614365211125,1.0192202939565886,3,0.15545350313186646,0.05671387165784836,2-fold printed classification; balanced-center; ring-rich; low contrast; high texture
medium,24.25,153,2,2,16,0.26231488585472107,0.1934804469347,4.3680833435754485,2,1.4078020743177375,1.015634272451626,3,0.34212180972099304,0.05398360639810562,2-fold printed classification; bright-center; moderate-radial-banding; low contrast; medium texture
medium,24.25,153,3,2,16,0.24831293523311615,0.19183982908725739,4.336123427645453,5,1.1305969655641068,1.1796754033291112,3,0.2799486815929413,0.030733196064829826,2-fold printed classification; balanced-center; ring-rich; low contrast; medium texture
medium,24.25,154,1,2,16,0.39427638053894043,0.18005430698394775,4.515490489870277,4,0.988770254846693,0.9931373784871003,3,0.17252399027347565,0.048091813921928406,2-fold printed classification; balanced-center; ring-rich; low contrast; high texture
medium,24.25,154,2,2,16,0.2632363438606262,0.1937752366065979,4.366427839851342,3,1.4813117279627361,0.996366758053121,3,0.31746816635131836,0.05316808447241783,2-fold printed classification; bright-center; moderate-radial-banding; low contrast; medium texture
medium,24.25,154,3,6,16,0.21761393547058105,0.18392416834831238,4.152545746226746,3,1.0610523656911026,1.235696713935781,3,0.2458648532629013,0.038350626826286316,6-fold printed classification; balanced-center; moderate-radial-banding; low contrast; low texture
medium,24.25,155,1,2,16,0.35843294858932495,0.17928537726402283,4.478438400702999,4,0.8645987490691357,0.9579562289156937,3,0.13036274909973145,0.042102523148059845,2-fold printed classification; balanced-center; ring-rich; low contrast; high texture
medium,24.25,155,2,2,16,0.2627233862876892,0.21019414067268372,4.365933178662076,4,1.4059642134728683,0.955672566692462,3,0.26787203550338745,0.04883626475930214,2-fold printed classification; bright-center; ring-rich; medium contrast; medium texture
medium,24.25,155,3,2,16,0.20417623221874237,0.17393210530281067,4.050464921381101,2,0.9322836377642522,1.0130218941737257,3,0.25517958402633667,0.02985658496618271,2-fold printed classification; balanced-center; moderate-radial-banding; low contrast; low texture
medium,24.25,156,1,2,16,0.3494972884654999,0.18969839811325073,4.533589584606897,3,0.8348040428857697,1.0024568361884927,3,0.1252070963382721,0.04019709676504135,2-fold printed classification; balanced-center; moderate-radial-banding; low contrast; high texture
medium,24.25,156,2,2,16,0.26837295293807983,0.2080637663602829,4.401489743126172,2,1.6146904040099084,0.9422897307263243,3,0.2788357734680176,0.06203073263168335,2-fold printed classification; bright-center; moderate-radial-banding; medium contrast; medium texture
medium,24.25,156,3,2,16,0.21224795281887054,0.18166178464889526,4.099085546554868,3,1.009060972485542,1.0318304569011636,3,0.24220871925354004,0.030916519463062286,2-fold printed classification; balanced-center; moderate-radial-banding; low contrast; low texture
medium,24.25,157,1,2,16,0.3523721694946289,0.2022346407175064,4.563147726551497,4,1.0536175773976015,1.0021321576662887,3,0.1477721631526947,0.04350452497601509,2-fold printed classification; balanced-center; ring-rich; low contrast; high texture
medium,24.25,157,2,2,16,0.273331880569458,0.2435958832502365,4.371591410644275,2,1.8134098810303325,0.8383659848340557,3,0.22535304725170135,0.09199279546737671,2-fold printed classification; bright-center; moderate-radial-banding; high contrast; medium texture
medium,24.25,157,3,2,16,0.21539455652236938,0.20302541553974152,4.08871088933271,2,1.2239244055148955,1.010672703557365,3,0.19468338787555695,0.053868215531110764,2-fold printed classification; balanced-center; moderate-radial-banding; low contrast; low texture
medium,24.25,158,1,2,16,0.355499267578125,0.22768491506576538,4.631082748247386,4,1.0952428251543387,1.1418344264511118,3,0.21355287730693817,0.054752979427576065,2-fold printed classification; balanced-center; ring-rich; high contrast; high texture
medium,24.25,158,2,2,16,0.30880993604660034,0.2886126637458801,4.359512921834158,1,2.581181810551477,1.1009855578259566,3,0.3061208128929138,0.14009015262126923,2-fold printed classification; bright-center; radially-simple; high contrast; medium texture
medium,24.25,158,3,2,16,0.1925393044948578,0.20503275096416473,3.818458126046074,2,1.5696440834382261,1.246487895677059,3,0.3388413190841675,0.04743563011288643,2-fold printed classification; bright-center; moderate-radial-banding; medium contrast; low texture
medium,24.25,159,1,2,16,0.24830669164657593,0.2526959180831909,3.7496907077347412,1,0.30367066236226864,1.3802579179005618,3,0.14805103838443756,0.09997933357954025,2-fold printed classification; dark-center; radially-simple; high contrast; low texture
medium,24.25,159,2,unclassified,16,0.3132206201553345,0.2749001681804657,4.369893490824619,3,1.935988312847379,0.8716891950817859,3,0.3093022406101227,0.10529043525457382,unclassified/indistinct in printed atlas; bright-center; moderate-radial-banding; high contrast; medium texture
medium,24.25,159,3,2,16,0.263613760471344,0.24370361864566803,4.283928980038521,0,2.3416731123768524,1.0624678334882878,3,0.3346857726573944,0.10226810723543167,2-fold printed classification; bright-center; radially-simple; high contrast; medium texture
medium,24.25,160,1,2,16,0.26958221197128296,0.2615812122821808,3.856109724086995,1,0.2668848081534817,1.267626923587877,7,0.1404770463705063,0.1073809266090393,2-fold printed classification; dark-center; radially-simple; high contrast; low texture
medium,24.25,160,2,unclassified,16,0.27949127554893494,0.30866539478302,3.8183006100427788,0,3.355419880543258,1.141652358003409,3,0.3887593150138855,0.1628251075744629,unclassified/indistinct in printed atlas; bright-center; radially-simple; high contrast; low texture
medium,24.25,160,3,2,16,0.17230400443077087,0.22187502682209015,3.3382557891372286,1,2.011327783919972,1.3818247636424852,3,0.39080697298049927,0.057125888764858246,2-fold printed classification; bright-center; radially-simple; medium contrast; low texture
medium,24.25,161,1,2,16,0.2447354942560196,0.2487611472606659,3.738061441320931,2,0.6723823216488253,1.4627798165994275,5,0.13929469883441925,0.07068207859992981,2-fold printed classification; dark-center; moderate-radial-banding; high contrast; low texture
medium,24.25,161,2,12,16,0.29240843653678894,0.22651945054531097,4.519469202506641,2,1.185732352896901,1.0336042706030693,3,0.4023958742618561,0.06359550356864929,12-fold printed classification; balanced-center; moderate-radial-banding; medium contrast; high texture
medium,24.25,161,3,2,16,0.2556843161582947,0.21895749866962433,4.358393077188719,2,1.0348533070767971,1.0930065563053448,3,0.30123019218444824,0.017777010798454285,2-fold printed classification; balanced-center; moderate-radial-banding; medium contrast; medium texture
medium,24.25,162,1,unclassified,16,0.14999884366989136,0.19878119230270386,2.6695873140351516,2,0.5365607214490573,2.0268170171011954,3,0.2377621829509735,0.07998169213533401,unclassified/indistinct in printed atlas; dark-center; moderate-radial-banding; low contrast; low texture
medium,24.25,162,2,12,16,0.29564207792282104,0.2297922819852829,4.5269203229719155,2,1.1342360116695829,1.026031609566716,3,0.409170538187027,0.05875007063150406,12-fold printed classification; balanced-center; moderate-radial-banding; high contrast; high texture
medium,24.25,162,3,2,16,0.26372408866882324,0.2213311642408371,4.384078240650239,4,1.1570294327798223,1.0952212830756072,3,0.2898559272289276,0.028967272490262985,2-fold printed classification; balanced-center; ring-rich; medium contrast; medium texture
medium,24.25,163,1,12,16,0.38451772928237915,0.1895410269498825,4.518084147807323,2,0.6618591967907886,0.9796847345341168,3,0.10362527519464493,0.0629124566912651,12-fold printed classification; dark-center; moderate-radial-banding; low contrast; high texture
medium,24.25,163,2,12,16,0.31311655044555664,0.23258967697620392,4.597790957265629,2,1.5451230872774049,0.8243866015437465,3,0.3445390462875366,0.07076232880353928,12-fold printed classification; bright-center; moderate-radial-banding; high contrast; high texture
medium,24.25,163,3,unclassified,16,0.2613707184791565,0.2297004908323288,4.348139906493701,4,1.2245539395754719,1.1164532311736044,3,0.3004465699195862,0.03369472548365593,unclassified/indistinct in printed atlas; balanced-center; ring-rich; high contrast; medium texture
medium,24.25,164,1,12,16,0.3734595775604248,0.1946747750043869,4.520003222938918,2,0.6295032929088586,1.0165960827169944,4,0.1162635013461113,0.06847391277551651,12-fold printed classification; dark-center; moderate-radial-banding; low contrast; high texture
medium,24.25,164,2,12,16,0.3175806403160095,0.24087896943092346,4.626956197297351,1,1.7336669447480104,0.8197149400522694,3,0.3258402347564697,0.08826392889022827,12-fold printed classification; bright-center; radially-simple; high contrast; high texture
medium,24.25,164,3,12,16,0.2575840950012207,0.22041796147823334,4.363193727216029,3,1.023367148730271,0.9835274776944702,3,0.28164762258529663,0.01893763244152069,12-fold printed classification; balanced-center; moderate-radial-banding; medium contrast; medium texture
medium,24.25,165,1,12,16,0.3652345836162567,0.2012089043855667,4.528201272876425,2,0.5847305901143385,1.0512889990691172,3,0.11377762258052826,0.0724603682756424,12-fold printed classification; dark-center; moderate-radial-banding; low contrast; high texture
medium,24.25,165,2,12,16,0.31925448775291443,0.2554216980934143,4.607605581622844,1,2.163885405902749,0.7806577987412213,3,0.31966206431388855,0.12929515540599823,12-fold printed classification; bright-center; radially-simple; high contrast; high texture
medium,24.25,165,3,12,16,0.24796630442142487,0.21592652797698975,4.3151912994799435,4,0.9874388313695232,1.1888832852299527,3,0.27334296703338623,0.02884995937347412,12-fold printed classification; balanced-center; ring-rich; medium contrast; medium texture
medium,24.25,166,1,12,16,0.34634077548980713,0.21060864627361298,4.508001625434837,3,0.5240325132108795,1.0904405008755411,3,0.16107776761054993,0.08105470985174179,12-fold printed classification; dark-center; moderate-radial-banding; medium contrast; high texture
medium,24.25,166,2,12,16,0.32445862889289856,0.2679477035999298,4.613823365086958,0,2.2641886991642948,0.7744106529308762,3,0.29467904567718506,0.13945242762565613,12-fold printed classification; bright-center; radially-simple; high contrast; high texture
medium,24.25,166,3,12,16,0.23562875390052795,0.20759393274784088,4.2441317964473795,3,1.169401497484564,1.2202409895936432,3,0.2885260581970215,0.03171002119779587,12-fold printed classification; balanced-center; moderate-radial-banding; medium contrast; low texture
medium,24.25,167,1,12,16,0.345864474773407,0.22261518239974976,4.473065376857171,3,0.5056945104248682,1.136325994672184,3,0.1912723034620285,0.0883667916059494,12-fold printed classification; dark-center; moderate-radial-banding; medium contrast; high texture
medium,24.25,167,2,12,16,0.3140536844730377,0.2633216977119446,4.591597176033524,1,1.9990233468917962,0.8323020343469884,3,0.33642101287841797,0.11333435773849487,12-fold printed classification; bright-center; radially-simple; high contrast; high texture
medium,24.25,167,3,12,16,0.22665482759475708,0.20124304294586182,4.195402670086891,3,0.9129463619445451,1.200126082739322,3,0.27267324924468994,0.03814039006829262,12-fold printed classification; balanced-center; moderate-radial-banding; low contrast; low texture
medium,24.25,168,1,12,16,0.33506476879119873,0.23019783198833466,4.454461627112982,2,0.4742346608235592,1.128097084037752,3,0.20374898612499237,0.0891270786523819,12-fold printed classification; dark-center; moderate-radial-banding; high contrast; medium texture
medium,24.25,168,2,2,16,0.3072887361049652,0.24471473693847656,4.572558757992369,4,1.415228466327407,1.01129790313327,3,0.30628669261932373,0.0718412771821022,2-fold printed classification; bright-center; ring-rich; high contrast; high texture
medium,24.25,168,3,12,16,0.2237100601196289,0.2034674435853958,4.17827425773228,2,0.9236305104881808,1.2579889291243194,3,0.21510004997253418,0.04372239485383034,12-fold printed classification; balanced-center; moderate-radial-banding; low contrast; low texture
medium,24.25,169,1,12,16,0.3270481824874878,0.23758454620838165,4.400815884052076,2,0.44674783329953566,1.1194311103522308,3,0.17460869252681732,0.09028779715299606,12-fold printed classification; dark-center; moderate-radial-banding; high contrast; medium texture
medium,24.25,169,2,2,16,0.3215424716472626,0.24990633130073547,4.5826056781056,1,2.0294880829737036,0.870558333950014,3,0.23187795281410217,0.11105764657258987,2-fold printed classification; bright-center; radially-simple; high contrast; high texture
medium,24.25,169,3,12,16,0.2237788289785385,0.20628055930137634,4.155519571296936,1,1.1098197037930158,1.1826055196823164,3,0.20600493252277374,0.022082656621932983,12-fold printed classification; balanced-center; radially-simple; medium contrast; low texture
medium,24.25,170,1,2,16,0.3805755078792572,0.18297730386257172,4.527728699029201,2,0.8615417175654667,0.9613225559494396,3,0.10934451222419739,0.03381838649511337,2-fold printed classification; balanced-center; moderate-radial-banding; low contrast; high texture
medium,24.25,170,2,8,16,0.31943073868751526,0.22583827376365662,4.563496401650867,2,1.9159622992968068,1.0296661018153823,3,0.32259872555732727,0.08704594522714615,8-fold printed classification; bright-center; moderate-radial-banding; medium contrast; high texture
medium,24.25,170,3,12,16,0.2525750994682312,0.20682555437088013,4.343090894372165,3,1.1452248691355968,1.2340285383327836,3,0.22673523426055908,0.04064512997865677,12-fold printed classification; balanced-center; moderate-radial-banding; medium contrast; medium texture
medium,24.25,171,1,8,16,0.3968627154827118,0.16817137598991394,4.440667562005412,4,0.9569969010356686,0.9507360220950113,6,0.1100638210773468,0.03503908962011337,8-fold printed classification; balanced-center; ring-rich; low contrast; medium texture
medium,24.25,171,2,8,16,0.3155946731567383,0.23025831580162048,4.548315002315384,1,1.9335407926550068,1.144009361234312,3,0.30922365188598633,0.08287089318037033,8-fold printed classification; bright-center; radially-simple; high contrast; high texture
medium,24.25,171,3,2,16,0.24421389400959015,0.20929661393165588,4.292975548113824,2,1.0173047362978853,1.2563998135730257,3,0.23726589977741241,0.03393571823835373,2-fold printed classification; balanced-center; moderate-radial-banding; medium contrast; medium texture
medium,24.25,172,1,8,16,0.3945666551589966,0.17697235941886902,4.494027974928656,4,1.0042620557077218,0.9578966905372531,4,0.08924635499715805,0.030518431216478348,8-fold printed classification; balanced-center; ring-rich; low contrast; high texture
medium,24.25,172,2,8,16,0.2794504463672638,0.2121599167585373,4.391266190334188,1,1.7498351862627153,1.1181030530957108,3,0.27283909916877747,0.063601054251194,8-fold printed classification; bright-center; radially-simple; medium contrast; medium texture
medium,24.25,172,3,2,16,0.23033355176448822,0.2047608494758606,4.227956410716062,5,1.517543346826113,1.3455341458151842,3,0.22549323737621307,0.043475355952978134,2-fold printed classification; bright-center; ring-rich; medium contrast; low texture
medium,24.25,173,1,8,16,0.4075354039669037,0.1773119866847992,4.49084920227335,3,1.0085452181233934,0.9390612954137662,3,0.078678198158741,0.03040776215493679,8-fold printed classification; balanced-center; moderate-radial-banding; low contrast; high texture
medium,24.25,173,2,8,16,0.29454609751701355,0.20864513516426086,4.4195890162471345,0,1.9766194334500542,1.17511750388712,3,0.32334983348846436,0.08108604699373245,8-fold printed classification; bright-center; radially-simple; medium contrast; medium texture
medium,24.25,173,3,2,16,0.24207375943660736,0.19427579641342163,4.2962863530020865,1,1.3905282350282535,1.3661790998115824,3,0.27325552701950073,0.04340817779302597,2-fold printed classification; bright-center; radially-simple; low contrast; medium texture
medium,24.25,174,1,8,16,0.4238891005516052,0.18074767291545868,4.50153175678337,4,0.9867688193635972,0.9278814084038769,6,0.09269954264163971,0.029376963153481483,8-fold printed classification; balanced-center; ring-rich; low contrast; high texture
medium,24.25,174,2,unclassified,16,0.2822139859199524,0.20816797018051147,4.412887942866563,3,1.5999820446652315,1.0737916278882003,3,0.2541033923625946,0.05572482571005821,unclassified/indistinct in printed atlas; bright-center; moderate-radial-banding; medium contrast; medium texture
medium,24.25,174,3,2,16,0.24772755801677704,0.1849946677684784,4.301802905741167,2,1.33001870204396,1.2066894271064335,3,0.2898808717727661,0.04308861121535301,2-fold printed classification; bright-center; moderate-radial-banding; low contrast; medium texture
medium,24.25,175,1,4,16,0.35947468876838684,0.16708362102508545,4.397796976220375,5,1.0734285836775184,1.0962889487319643,4,0.13155385851860046,0.04563933238387108,4-fold printed classification; balanced-center; ring-rich; low contrast; medium texture
medium,24.25,175,2,unclassified,16,0.2744974195957184,0.20389094948768616,4.383452955455619,2,1.575509784836044,1.0397703235771074,3,0.23798951506614685,0.05806818976998329,unclassified/indistinct in printed atlas; bright-center; moderate-radial-banding; medium contrast; medium texture
medium,24.25,175,3,4,16,0.24878454208374023,0.18963439762592316,4.322437024418508,1,1.5221951469880028,1.3239708983327243,3,0.35526230931282043,0.04721522703766823,4-fold printed classification; bright-center; radially-simple; low contrast; medium texture
medium,24.25,176,1,unclassified,16,0.37671080231666565,0.15769712626934052,4.347451809497662,4,1.2055709269363828,0.9539852843495117,3,0.13154946267604828,0.03539113327860832,unclassified/indistinct in printed atlas; balanced-center; ring-rich; low contrast; medium texture
medium,24.25,176,2,unclassified,16,0.26583927869796753,0.20195472240447998,4.346413361670343,2,1.5616004548368418,1.1614264871768913,3,0.2237728387117386,0.06247997656464577,unclassified/indistinct in printed atlas; bright-center; moderate-radial-banding; low contrast; medium texture
medium,24.25,176,3,4,16,0.2576476037502289,0.24473178386688232,4.310443945874137,3,1.5164453619514133,1.30482117192069,3,0.330351859331131,0.06809581071138382,4-fold printed classification; bright-center; moderate-radial-banding; high contrast; medium texture
medium,24.25,177,1,unclassified,16,0.3920210301876068,0.19054457545280457,4.56101858427774,4,1.1951499440500135,1.001733049339599,4,0.10795754194259644,0.0424361377954483,unclassified/indistinct in printed atlas; balanced-center; ring-rich; low contrast; high texture
medium,24.25,177,2,14,16,0.2864414155483246,0.19505643844604492,4.40202346903609,3,1.309587961930799,1.0205930129231868,3,0.26173532009124756,0.038803134113550186,14-fold printed classification; bright-center; moderate-radial-banding; low contrast; medium texture
medium,24.25,177,3,4,16,0.26214730739593506,0.2011580914258957,4.374694316547969,2,0.9749419153758134,1.2902394763487417,3,0.37455520033836365,0.0438784584403038,4-fold printed classification; balanced-center; moderate-radial-banding; low contrast; medium texture
medium,24.25,178,1,unclassified,16,0.4004690945148468,0.197514608502388,4.619179114358967,4,1.3342497894992054,1.0516008736513842,3,0.11224444210529327,0.0518481582403183,unclassified/indistinct in printed atlas; bright-center; ring-rich; low contrast; high texture
medium,24.25,178,2,14,16,0.27888742089271545,0.1850985735654831,4.343326569280011,3,1.3744399115458992,1.0466261279645248,3,0.2836768627166748,0.04700309410691261,14-fold printed classification; bright-center; moderate-radial-banding; low contrast; medium texture
medium,24.25,178,3,unclassified,16,0.2534823715686798,0.19255812466144562,4.310877464548198,4,1.1594051320346528,1.1788160931284486,3,0.3233785927295685,0.03279208019375801,unclassified/indistinct in printed atlas; balanced-center; ring-rich; low contrast; medium texture
medium,24.25,179,1,14,16,0.38451966643333435,0.20184598863124847,4.581619173131103,2,0.8108112460262284,0.9933733658737836,3,0.10692059993743896,0.051577407866716385,14-fold printed classification; balanced-center; moderate-radial-banding; low contrast; high texture
medium,24.25,179,2,14,16,0.29247725009918213,0.20213590562343597,4.433985948682172,3,1.4169642208351874,0.9961932875315301,3,0.2542194724082947,0.044938959181308746,14-fold printed classification; bright-center; moderate-radial-banding; low contrast; medium texture
medium,24.25,179,3,unclassified,16,0.25606784224510193,0.2025456577539444,4.335485749192594,2,0.9559742457571567,1.1909356464448715,3,0.33474570512771606,0.041558604687452316,unclassified/indistinct in printed atlas; balanced-center; moderate-radial-banding; low contrast; medium texture
medium,24.25,180,1,14,16,0.3664071261882782,0.20318569242954254,4.550972050128018,3,0.7304914883679358,1.060433348735487,4,0.1173417791724205,0.06419013440608978,14-fold printed classification; balanced-center; moderate-radial-banding; low contrast; high texture
medium,24.25,180,2,14,16,0.296760618686676,0.21893103420734406,4.465726747646892,2,1.265451793274934,0.9636898938268944,3,0.3189546465873718,0.05028960481286049,14-fold printed classification; balanced-center; moderate-radial-banding; medium contrast; high texture
medium,24.25,180,3,unclassified,16,0.266187846660614,0.22247284650802612,4.382354011013959,3,1.1189860641649054,1.1037559292588002,3,0.38058730959892273,0.03406630828976631,unclassified/indistinct in printed atlas; balanced-center; moderate-radial-banding; medium contrast; medium texture
medium,24.25,181,1,14,16,0.33520567417144775,0.20986172556877136,4.506040432282129,2,0.5157571161437564,1.1838380706843747,3,0.12382008135318756,0.08126737177371979,14-fold printed classification; dark-center; moderate-radial-banding; medium contrast; high texture
medium,24.25,181,2,14,16,0.28966233134269714,0.22383728623390198,4.446377808416658,2,1.326076915174415,0.9347542784717934,3,0.32644107937812805,0.05022140592336655,14-fold printed classification; bright-center; moderate-radial-banding; medium contrast; medium texture
medium,24.25,181,3,14,16,0.2628664970397949,0.2208804041147232,4.409861856847908,3,0.9933300494283875,1.1158783501981724,3,0.35431432723999023,0.0301261804997921,14-fold printed classification; balanced-center; moderate-radial-banding; medium contrast; medium texture
medium,24.25,182,1,14,16,0.3003041446208954,0.2405957728624344,4.255388007973064,2,0.22276968439856404,1.2879286694410836,3,0.18140411376953125,0.11259406059980392,14-fold printed classification; dark-center; moderate-radial-banding; high contrast; low texture
medium,24.25,182,2,14,16,0.29836222529411316,0.23193614184856415,4.458382102303669,2,1.463056335641588,0.8982098150147568,3,0.3456017076969147,0.06472568958997726,14-fold printed classification; bright-center; moderate-radial-banding; high contrast; medium texture
medium,24.25,182,3,14,16,0.266253262758255,0.23099574446678162,4.396863814510526,3,1.0020450389034399,1.08451122470585,3,0.36583253741264343,0.029140794649720192,14-fold printed classification; balanced-center; moderate-radial-banding; high contrast; medium texture
medium,24.25,183,1,20,16,0.23592683672904968,0.22741787135601044,3.6728062538871376,2,0.23902366659670055,1.3055226702949123,3,0.11358191817998886,0.0972321406006813,20-fold printed classification; dark-center; moderate-radial-banding; medium contrast; low texture
medium,24.25,183,2,14,16,0.2958568036556244,0.2383275330066681,4.467489531684614,2,1.5874720639983042,0.9276136167741119,3,0.3774018883705139,0.0723666101694107,14-fold printed classification; bright-center; moderate-radial-banding; high contrast; high texture
medium,24.25,183,3,14,16,0.2642447352409363,0.2437756359577179,4.351772178364398,3,0.9779159728815049,1.1430604788125989,3,0.3685229420661926,0.033451758325099945,14-fold printed classification; balanced-center; moderate-radial-banding; high contrast; medium texture
medium,24.25,184,1,20,16,0.23104681074619293,0.22546258568763733,3.70262907596608,1,0.23065530329559297,1.1808642407905734,4,0.11402256786823273,0.09212692081928253,20-fold printed classification; dark-center; radially-simple; medium contrast; low texture
medium,24.25,184,2,14,16,0.2966670095920563,0.26461610198020935,4.362154640012365,1,1.886523661266272,0.8378558187677142,3,0.3823366165161133,0.09307157248258591,14-fold printed classification; bright-center; radially-simple; high contrast; medium texture
medium,24.25,184,3,14,16,0.2453162968158722,0.24918624758720398,4.126904363703385,3,1.1374606521156772,1.2343004786666454,3,0.3443496525287628,0.04642489552497864,14-fold printed classification; balanced-center; moderate-radial-banding; high contrast; low texture
medium,24.25,185,1,20,16,0.20515024662017822,0.2156018614768982,3.4544298868567296,3,0.26598688245980134,1.2491001125082501,4,0.08660320937633514,0.0829729288816452,20-fold printed classification; dark-center; moderate-radial-banding; medium contrast; low texture
medium,24.25,185,2,20,16,0.2560880184173584,0.22022193670272827,4.232703175757605,1,1.6633793631270828,0.8096453723146925,3,0.34732121229171753,0.07649405300617218,20-fold printed classification; bright-center; radially-simple; medium contrast; low texture
medium,24.25,185,3,14,16,0.24006012082099915,0.22201597690582275,4.1591466091848055,4,1.217743885379019,1.0380520264514106,3,0.36568528413772583,0.025233320891857147,14-fold printed classification; balanced-center; ring-rich; medium contrast; low texture
medium,24.25,186,1,20,16,0.18796762824058533,0.20803490281105042,3.2436977795093216,3,0.2839479500093155,1.2867188176058055,4,0.08904185146093369,0.08718741685152054,20-fold printed classification; dark-center; moderate-radial-banding; medium contrast; low texture
medium,24.25,186,2,20,16,0.2523778975009918,0.24281419813632965,4.087734886726802,1,1.978325772299888,0.8444445079502226,3,0.4575475752353668,0.09246964007616043,20-fold printed classification; bright-center; radially-simple; high contrast; low texture
medium,24.25,186,3,14,16,0.2483295053243637,0.2496047466993332,4.024203234613561,1,1.8752528728619444,1.1349321843591873,3,0.4744457006454468,0.06938183307647705,14-fold printed classification; bright-center; radially-simple; high contrast; low texture
medium,24.25,187,1,20,16,0.19715763628482819,0.21362172067165375,3.2755642479028957,1,0.2877019935308914,1.557397575798608,3,0.09580984711647034,0.10996389389038086,20-fold printed classification; dark-center; radially-simple; medium contrast; low texture
medium,24.25,187,2,20,16,0.26924511790275574,0.24548231065273285,4.215048245368487,1,2.2701282538058836,0.7564410009838184,3,0.358092337846756,0.1171085312962532,20-fold printed classification; bright-center; radially-simple; high contrast; low texture
medium,24.25,187,3,20,16,0.2281302958726883,0.2192375361919403,4.040035756346688,3,1.18532115511188,0.9562873210570726,3,0.42526137828826904,0.02725835144519806,20-fold printed classification; balanced-center; moderate-radial-banding; medium contrast; low texture
medium,24.25,188,1,10,16,0.3913819491863251,0.20136985182762146,4.508695357749593,2,1.3094713763402268,1.224571428184028,3,0.16353857517242432,0.05858694761991501,10-fold printed classification; bright-center; moderate-radial-banding; low contrast; high texture
medium,24.25,188,2,10,16,0.2853018641471863,0.21579879522323608,4.4338864343376425,1,1.397001364852695,1.0391479086573805,3,0.29491710662841797,0.05368703976273537,10-fold printed classification; bright-center; radially-simple; medium contrast; medium texture
medium,24.25,188,3,20,16,0.2509949505329132,0.21403591334819794,4.288345036592435,3,0.9671421826056215,1.1446689729807653,3,0.3526114225387573,0.021973267197608948,20-fold printed classification; balanced-center; moderate-radial-banding; medium contrast; medium texture
medium,24.25,189,1,10,16,0.365172415971756,0.21979494392871857,4.553894210759786,2,1.1351405141495796,1.3144261044164158,3,0.1644817590713501,0.05458570644259453,10-fold printed classification; balanced-center; moderate-radial-banding; medium contrast; high texture
medium,24.25,189,2,20,16,0.25195634365081787,0.24265597760677338,4.124122786721441,1,1.7014915663337091,0.9471164980166754,3,0.45490503311157227,0.0959400162100792,20-fold printed classification; bright-center; radially-simple; high contrast; low texture
medium,24.25,189,3,20,16,0.23263461887836456,0.23396064341068268,4.000635440843714,2,1.3837669437352784,0.9135387144271754,3,0.4262789785861969,0.045238520950078964,20-fold printed classification; bright-center; moderate-radial-banding; high contrast; low texture
medium,24.25,190,1,10,16,0.3360210359096527,0.23798291385173798,4.439912681642156,4,1.009269477495853,1.4390753704183878,3,0.1879514753818512,0.07592561841011047,10-fold printed classification; balanced-center; ring-rich; high contrast; medium texture
medium,24.25,190,2,2,16,0.29177936911582947,0.21284152567386627,4.497075660755254,0,1.7890541828872801,1.1395219457173111,3,0.31164151430130005,0.07088075578212738,2-fold printed classification; bright-center; radially-simple; medium contrast; high texture
medium,24.25,190,3,10,16,0.23912930488586426,0.18999040126800537,4.246721373317756,2,1.3861622838456815,1.3588449113280292,3,0.3229773938655853,0.03926733508706093,10-fold printed classification; bright-center; moderate-radial-banding; low contrast; low texture
medium,24.25,191,1,10,16,0.32865282893180847,0.2367464005947113,4.403583997430701,3,0.9521829731146506,1.3839029648487222,3,0.1927526891231537,0.06571612507104874,10-fold printed classification; balanced-center; moderate-radial-banding; high contrast; medium texture
medium,24.25,191,2,2,16,0.33164310455322266,0.269496887922287,4.580998433457474,1,2.4424305118723018,0.9800448479047619,3,0.2178536355495453,0.13794337213039398,2-fold printed classification; bright-center; radially-simple; high contrast; high texture
medium,24.25,191,3,10,16,0.2510661482810974,0.234741672873497,4.225209861494864,2,1.3826388070085034,1.3968559018523912,3,0.3085627555847168,0.050733864307403564,10-fold printed classification; bright-center; moderate-radial-banding; high contrast; low texture
medium,24.25,192,1,2,16,0.3447418808937073,0.22490087151527405,4.580064767577026,3,1.2712898065848426,1.1833344864131417,5,0.1215958297252655,0.05234378203749657,2-fold printed classification; balanced-center; moderate-radial-banding; medium contrast; high texture
medium,24.25,192,2,2,16,0.29904690384864807,0.22187936305999756,4.512152108882729,0,2.0175008002240986,1.0821333459845976,3,0.2811935544013977,0.09256958216428757,2-fold printed classification; bright-center; radially-simple; medium contrast; high texture
medium,24.25,192,3,10,16,0.24221615493297577,0.19593682885169983,4.251422511256051,2,1.5395569868612384,1.27867190805422,3,0.3372623026371002,0.04895617440342903,10-fold printed classification; bright-center; moderate-radial-banding; low contrast; low texture
medium,24.25,193,1,2,16,0.3308947682380676,0.17377032339572906,4.396789999733005,4,0.9911369349051059,0.9703206576352658,3,0.07832037657499313,0.0334380641579628,2-fold printed classification; balanced-center; ring-rich; low contrast; medium texture
medium,24.25,193,2,2,16,0.2692614793777466,0.20063437521457672,4.4005100202675695,1,1.7530698360257326,1.050032959859444,3,0.2179132103919983,0.06753745675086975,2-fold printed classification; bright-center; radially-simple; low contrast; medium texture
medium,24.25,193,3,10,16,0.24734163284301758,0.20745982229709625,4.285099152344726,1,1.4386966853590097,1.3547760898051577,3,0.36146557331085205,0.04367807134985924,10-fold printed classification; bright-center; radially-simple; medium contrast; medium texture
medium,24.25,194,1,2,16,0.3250788450241089,0.17731574177742004,4.3851033875181855,3,1.049386656501813,1.0771513748805022,3,0.10040010511875153,0.03084065392613411,2-fold printed classification; balanced-center; moderate-radial-banding; low contrast; medium texture
medium,24.25,194,2,2,16,0.28854918479919434,0.22492660582065582,4.497581505239873,1,1.9723445166525875,0.9891852636980233,3,0.23129400610923767,0.08757005631923676,2-fold printed classification; bright-center; radially-simple; medium contrast; high texture
medium,24.25,194,3,2,16,0.24380706250667572,0.20105086266994476,4.263031512162655,2,1.6109739656633866,1.2888629472682747,3,0.29539039731025696,0.052073705941438675,2-fold printed classification; bright-center; moderate-radial-banding; low contrast; low texture
medium,24.25,195,1,2,16,0.32642585039138794,0.1961517184972763,4.410030605518521,4,1.2310972432397682,1.2348156813413544,3,0.12678715586662292,0.04813401773571968,2-fold printed classification; balanced-center; ring-rich; low contrast; medium texture
medium,24.25,195,2,2,16,0.3070087432861328,0.2659458816051483,4.552756674698029,0,2.5682677085478405,1.0797348446814083,3,0.27320101857185364,0.13005255162715912,2-fold printed classification; bright-center; radially-simple; high contrast; high texture
medium,24.25,195,3,2,16,0.2451818883419037,0.22446221113204956,4.262745342723024,4,1.5285617328526635,1.3643033565789202,3,0.3345787823200226,0.048915814608335495,2-fold printed classification; bright-center; ring-rich; medium contrast; low texture
medium,24.25,196,1,2,16,0.31479623913764954,0.20530878007411957,4.370850728932614,2,1.1976921999815393,1.1689734437444133,3,0.12570512294769287,0.03891574963927269,2-fold printed classification; balanced-center; moderate-radial-banding; medium contrast; medium texture
medium,24.25,196,2,2,16,0.2795741558074951,0.20778457820415497,4.4281365923447735,2,1.8529577855136357,1.091906066992628,3,0.2808818519115448,0.07493816316127777,2-fold printed classification; bright-center; moderate-radial-banding; medium contrast; medium texture
medium,24.25,196,3,2,16,0.24848514795303345,0.2160893976688385,4.3054304149364295,2,1.6279323201053821,1.417008671126857,3,0.39547300338745117,0.049352701753377914,2-fold printed classification; bright-center; moderate-radial-banding; medium contrast; medium texture
medium,24.25,197,1,2,16,0.29098618030548096,0.21797983348369598,4.289384387091419,3,1.191148084701335,1.1811278876269293,3,0.1844237595796585,0.037876978516578674,2-fold printed classification; balanced-center; moderate-radial-banding; medium contrast; medium texture
medium,24.25,197,2,2,16,0.300142765045166,0.25621697306632996,4.517149956100264,1,2.050471822172319,1.089318977501507,3,0.28453609347343445,0.10441959649324417,2-fold printed classification; bright-center; radially-simple; high contrast; high texture
medium,24.25,197,3,2,16,0.23989003896713257,0.2277497947216034,4.162421842973041,2,1.854970459612315,1.308586127950363,3,0.3234174847602844,0.06564254313707352,2-fold printed classification; bright-center; moderate-radial-banding; high contrast; low texture
medium,24.25,198,1,16,16,0.28475579619407654,0.241036519408226,4.04813252125383,2,0.21314653290842586,1.404813508530276,3,0.2319229692220688,0.11933527141809464,16-fold printed classification; dark-center; moderate-radial-banding; high contrast; low texture
medium,24.25,198,2,16,16,0.3212372362613678,0.24495428800582886,4.527299871481894,0,1.9985028634228994,0.9195346233285892,3,0.44768768548965454,0.10517722368240356,16-fold printed classification; bright-center; radially-simple; high contrast; high texture
medium,24.25,198,3,2,16,0.2787570655345917,0.23513808846473694,4.3639947885818415,1,1.4233894951820352,1.073639431735349,3,0.4250834286212921,0.04974045231938362,2-fold printed classification; bright-center; radially-simple; high contrast; medium texture
medium,24.25,199,1,16,16,0.2740418612957001,0.2482822984457016,3.965850685694831,2,0.23546904097384183,1.4193012367464677,3,0.17442384362220764,0.11336889863014221,16-fold printed classification; dark-center; moderate-radial-banding; high contrast; low texture
medium,24.25,199,2,16,16,0.3189842402935028,0.25013870000839233,4.544821005873034,2,1.816261582219389,0.8326430735079376,3,0.4033733606338501,0.09544557332992554,16-fold printed classification; bright-center; moderate-radial-banding; high contrast; high texture
medium,24.25,199,3,2,16,0.2814667522907257,0.23956267535686493,4.3883516269759175,4,1.3137474789609223,1.0589479927875756,3,0.42205601930618286,0.04070131480693817,2-fold printed classification; bright-center; ring-rich; high contrast; medium texture
small,10.0,50,1,unclassified,20,0.32686489820480347,0.3025161325931549,3.6148899523241393,0,0.13230323284513684,2.279187974249528,3,0.3774373531341553,0.24692940711975098,unclassified/indistinct in printed atlas; dark-center; radially-simple; high contrast; low texture
small,10.0,51,1,unclassified,20,0.23109936714172363,0.2573789358139038,3.365570179834482,0,0.24389066042809304,3.685573241920598,3,0.46609947085380554,0.21630728244781494,unclassified/indistinct in printed atlas; dark-center; radially-simple; high contrast; low texture
small,10.0,52,1,unclassified,20,0.16617001593112946,0.25438880920410156,2.1938136758785154,0,0.7237537971213654,9.906260370412937,3,0.39179137349128723,0.21098944544792175,unclassified/indistinct in printed atlas; balanced-center; radially-simple; high contrast; low texture
small,10.0,53,1,unclassified,20,0.24285490810871124,0.2843100130558014,3.1384172140228763,0,0.2790200974644674,4.791169306765845,3,0.4684074819087982,0.2566964328289032,unclassified/indistinct in printed atlas; dark-center; radially-simple; high contrast; low texture
small,10.0,54,1,unclassified,20,0.22641681134700775,0.2596115469932556,3.2656506778384875,0,0.2450566776148944,3.563010407420467,3,0.4980984032154083,0.21028433740139008,unclassified/indistinct in printed atlas; dark-center; radially-simple; high contrast; low texture
small,10.0,55,1,unclassified,20,0.23264716565608978,0.26089611649513245,3.3720577392717366,0,0.23243601597373256,3.4609473531642045,3,0.4937839210033417,0.21176482737064362,unclassified/indistinct in printed atlas; dark-center; radially-simple; high contrast; low texture
small,10.0,56,1,unclassified,20,0.2178957760334015,0.2571064531803131,3.3644563362772026,0,0.25099737098014036,3.4206661310092312,3,0.4620615243911743,0.19607368111610413,unclassified/indistinct in printed atlas; dark-center; radially-simple; high contrast; low texture
small,10.0,57,1,unclassified,20,0.22156120836734772,0.24602684378623962,3.4371883194334947,0,0.2092521481623961,2.6965667232534436,3,0.4688590466976166,0.17506377398967743,unclassified/indistinct in printed atlas; dark-center; radially-simple; high contrast; low texture
small,10.0,58,1,unclassified,20,0.3061862885951996,0.2945835292339325,3.8173754622664164,0,0.11419796734831918,1.4636069031976673,3,0.6708778142929077,0.17980974912643433,unclassified/indistinct in printed atlas; dark-center; radially-simple; high contrast; medium texture
small,10.0,59,1,2,20,0.34855949878692627,0.18885524570941925,4.353296256505796,1,0.2545691412636165,1.273631663201859,3,0.29403170943260193,0.1253439337015152,2-fold printed classification; dark-center; radially-simple; high contrast; high texture
small,10.0,60,1,2,20,0.25204500555992126,0.23432332277297974,3.4042284359884927,1,0.1511925439114567,1.651734700436357,3,0.43928462266921997,0.15879139304161072,2-fold printed classification; dark-center; radially-simple; high contrast; low texture
small,10.0,61,1,unclassified,20,0.16976788640022278,0.2396044135093689,2.0720578795290803,0,0.37623784239176,4.324170201887044,5,0.241432324051857,0.17423614859580994,unclassified/indistinct in printed atlas; dark-center; radially-simple; high contrast; low texture
small,10.0,62,1,unclassified,20,0.15430480241775513,0.24007347226142883,1.7943163346994453,0,0.59190067650377,6.865238778360122,3,0.3189416229724884,0.17857752740383148,unclassified/indistinct in printed atlas; dark-center; radially-simple; high contrast; low texture
small,10.0,63,1,unclassified,20,0.14673174917697906,0.23724991083145142,1.6721427731924678,0,0.7415730331276472,8.479050683194513,3,0.38478654623031616,0.1768852323293686,unclassified/indistinct in printed atlas; balanced-center; radially-simple; high contrast; low texture
small,10.0,64,1,unclassified,20,0.1486307829618454,0.24314232170581818,1.6278565063446222,0,0.7712522648422212,9.179180902058627,3,0.40454867482185364,0.18236416578292847,unclassified/indistinct in printed atlas; balanced-center; radially-simple; high contrast; low texture
small,10.0,65,1,unclassified,20,0.14227505028247833,0.23431986570358276,1.613945741396111,0,0.8354602162783988,9.467792743862162,3,0.42290782928466797,0.17491555213928223,unclassified/indistinct in printed atlas; balanced-center; radially-simple; high contrast; low texture
small,10.0,66,1,unclassified,20,0.20452888309955597,0.10579682141542435,3.67074253789481,2,1.175220756048343,1.0542630623105047,3,0.32606226205825806,0.015144778415560722,unclassified/indistinct in printed atlas; balanced-center; moderate-radial-banding; low contrast; low texture
small,10.0,67,1,4,20,0.25438541173934937,0.12075920403003693,3.896496873259913,2,0.9359896652523713,0.933375493513685,5,0.1476389616727829,0.029930561780929565,4-fold printed classification; balanced-center; moderate-radial-banding; low contrast; medium texture
small,10.0,68,1,4,20,0.2756337523460388,0.11213291436433792,3.8366416732292308,2,0.9564031715207703,0.9075506356741231,3,0.17701326310634613,0.017214011400938034,4-fold printed classification; balanced-center; moderate-radial-banding; low contrast; medium texture
small,10.0,69,1,4,20,0.27873244881629944,0.12260696291923523,3.9466708327648896,2,1.0428569619872456,0.953348678210335,3,0.18413138389587402,0.0206805020570755,4-fold printed classification; balanced-center; moderate-radial-banding; low contrast; medium texture
small,10.0,70,1,4,20,0.29677414894104004,0.1359567642211914,4.0650996096049345,3,0.8468560011456268,0.933566412362765,3,0.1912757158279419,0.02308301068842411,4-fold printed classification; balanced-center; moderate-radial-banding; low contrast; medium texture
small,10.0,71,1,4,20,0.3387981951236725,0.1385899782180786,4.098832194458782,2,1.0641960639158325,0.909730857821204,4,0.18703119456768036,0.022636178880929947,4-fold printed classification; balanced-center; moderate-radial-banding; low contrast; medium texture
small,10.0,72,1,4,20,0.3432198166847229,0.12370311468839645,3.944885673285562,2,1.0035400647652293,1.0089532397053256,3,0.19250282645225525,0.023652782663702965,4-fold printed classification; balanced-center; moderate-radial-banding; low contrast; medium texture
small,10.0,73,1,4,20,0.3646318316459656,0.1318645477294922,4.020191666128049,1,1.0720847914497704,1.1244148402193916,3,0.31788769364356995,0.035873476415872574,4-fold printed classification; balanced-center; radially-simple; low contrast; medium texture
small,10.0,74,1,4,20,0.389463871717453,0.18647998571395874,4.270207196312769,1,1.081590765850779,1.1119006674939862,3,0.24777674674987793,0.04365989565849304,4-fold printed classification; balanced-center; radially-simple; high contrast; high texture
small,10.0,75,1,unclassified,20,0.2798648774623871,0.14175963401794434,4.0434687578951465,2,1.2233083698018064,0.938766699381572,3,0.38555777072906494,0.04214787483215332,unclassified/indistinct in printed atlas; balanced-center; moderate-radial-banding; low contrast; medium texture
small,10.0,76,1,unclassified,20,0.2940240204334259,0.1307840496301651,3.9784964574414694,1,1.600972227780103,0.9630919271592977,3,0.19734060764312744,0.06427212804555893,unclassified/indistinct in printed atlas; bright-center; radially-simple; low contrast; medium texture
small,10.0,77,1,unclassified,20,0.2904827892780304,0.1647542119026184,4.161802862996821,1,1.6710684520879158,0.8848038860603553,3,0.3625282049179077,0.08737514168024063,unclassified/indistinct in printed atlas; bright-center; radially-simple; medium contrast; medium texture
small,10.0,78,1,unclassified,20,0.28238430619239807,0.19297076761722565,4.300677875828007,1,1.7376305539577557,0.9139142371142285,3,0.31210950016975403,0.08298422396183014,unclassified/indistinct in printed atlas; bright-center; radially-simple; high contrast; high texture
small,10.0,79,1,unclassified,20,0.2927342355251312,0.19831086695194244,4.3394947662187695,1,1.5495873623560013,1.01571433682575,3,0.22789859771728516,0.06936652958393097,unclassified/indistinct in printed atlas; bright-center; radially-simple; high contrast; high texture
small,10.0,80,1,unclassified,20,0.31841933727264404,0.16499486565589905,4.300084155584375,1,1.2857504162852798,0.9769251597893562,3,0.1525619477033615,0.04200739786028862,unclassified/indistinct in printed atlas; bright-center; radially-simple; medium contrast; high texture
small,10.0,81,1,unclassified,20,0.30697178840637207,0.16311049461364746,4.3144180932665,2,1.4328597670877992,1.3550374430787195,4,0.13824427127838135,0.052469849586486816,unclassified/indistinct in printed atlas; bright-center; moderate-radial-banding; medium contrast; high texture
small,10.0,82,1,unclassified,20,0.29093194007873535,0.14631213247776031,4.1871249133602095,1,1.2956281467250974,1.4017646358015472,3,0.14616069197654724,0.053633298724889755,unclassified/indistinct in printed atlas; bright-center; radially-simple; low contrast; medium texture
small,10.0,83,1,unclassified,20,0.29838311672210693,0.15613384544849396,4.196106323413897,2,1.25154936583138,1.087652378739986,5,0.12193337827920914,0.04816396161913872,unclassified/indistinct in printed atlas; balanced-center; moderate-radial-banding; medium contrast; medium texture
small,10.0,84,1,unclassified,20,0.33966320753097534,0.23323696851730347,4.425063353588497,0,1.9547823176839227,1.4425951758931574,3,0.22134457528591156,0.10148464888334274,unclassified/indistinct in printed atlas; bright-center; radially-simple; high contrast; high texture
small,10.0,85,1,unclassified,20,0.23594243824481964,0.22812269628047943,3.7079604913803017,1,0.9998721394783012,1.9904965229942344,3,0.18659847974777222,0.09827631711959839,unclassified/indistinct in printed atlas; balanced-center; radially-simple; high contrast; low texture
small,10.0,86,1,unclassified,20,0.15476511418819427,0.2060583531856537,2.4249960216423707,0,0.34085016771538423,3.220713041428885,3,0.24862606823444366,0.13161759078502655,unclassified/indistinct in printed atlas; dark-center; radially-simple; high contrast; low texture
small,10.0,87,1,unclassified,20,0.11256542801856995,0.17818249762058258,1.7437433424248905,0,0.7450933431117531,6.461867708097505,3,0.44869107007980347,0.1176496148109436,unclassified/indistinct in printed atlas; balanced-center; radially-simple; medium contrast; low texture
small,10.0,88,1,unclassified,20,0.09240365028381348,0.14667876064777374,1.5072214406225815,0,0.8830885884565588,6.11504759616978,3,0.3843177556991577,0.09268508851528168,unclassified/indistinct in printed atlas; balanced-center; radially-simple; low contrast; low texture
small,10.0,89,1,unclassified,20,0.09880564361810684,0.14920656383037567,1.6948291411087206,0,0.6889021852791725,4.837848114769191,3,0.3365170359611511,0.09070168435573578,unclassified/indistinct in printed atlas; dark-center; radially-simple; medium contrast; low texture
small,10.0,90,1,unclassified,20,0.07149474322795868,0.1126926839351654,1.1241295097837865,0,0.9831254802111711,4.70790496479732,3,0.41576293110847473,0.06174943223595619,unclassified/indistinct in printed atlas; balanced-center; radially-simple; low contrast; low texture
small,10.0,91,1,unclassified,20,0.0674217939376831,0.10551988333463669,1.0598304172637953,0,0.9663235974483558,4.231877276106928,3,0.39121928811073303,0.05430479720234871,unclassified/indistinct in printed atlas; balanced-center; radially-simple; low contrast; low texture
small,10.0,92,1,unclassified,20,0.055213868618011475,0.08877386897802353,0.5898986325168492,0,0.9758520118576076,3.120793955999421,3,0.3919496536254883,0.03850460425019264,unclassified/indistinct in printed atlas; balanced-center; radially-simple; low contrast; low texture
small,10.0,93,1,unclassified,20,0.046711307018995285,0.06153376027941704,0.35203126443205207,0,0.9849244292997155,2.135388987741801,3,0.33229559659957886,0.023435475304722786,unclassified/indistinct in printed atlas; balanced-center; radially-simple; low contrast; low texture
small,10.0,94,1,unclassified,20,0.042168546468019485,0.03991883993148804,0.24217960920498505,0,0.9912986999261167,1.6024224699708376,3,0.2849085032939911,0.014053269289433956,unclassified/indistinct in printed atlas; balanced-center; radially-simple; low contrast; low texture
small,10.0,95,1,unclassified,20,0.041756682097911835,0.03820294141769409,0.22104302508600612,0,0.9778279766465235,1.5666038460030463,3,0.26239386200904846,0.012754927389323711,unclassified/indistinct in printed atlas; balanced-center; radially-simple; low contrast; low texture
small,10.0,96,1,unclassified,20,0.038735173642635345,0.017479391768574715,0.11277385494875368,0,0.9956943120519041,1.2074046839531218,3,0.19000555574893951,0.005653629545122385,unclassified/indistinct in printed atlas; balanced-center; radially-simple; low contrast; low texture
small,10.0,97,1,6,20,0.293015718460083,0.12539412081241608,4.00576577626987,2,1.2515853164271544,1.0224589965488207,3,0.24719612300395966,0.030356217175722122,6-fold printed classification; balanced-center; moderate-radial-banding; low contrast; medium texture
small,10.0,98,1,6,20,0.2933620512485504,0.11699241399765015,3.9226329444609904,2,1.210373131011205,1.1701983691725408,3,0.42862480878829956,0.031046772375702858,6-fold printed classification; balanced-center; moderate-radial-banding; low contrast; medium texture
small,10.0,99,1,6,20,0.29300251603126526,0.1181202232837677,3.932840917985024,3,1.2961009667818917,1.1160277967605683,3,0.3709302544593811,0.03256261348724365,6-fold printed classification; bright-center; moderate-radial-banding; low contrast; medium texture
small,10.0,100,1,6,20,0.28939738869667053,0.14169935882091522,4.135003357687852,2,1.2860047020038523,1.3397349250084172,3,0.3261656165122986,0.051351312547922134,6-fold printed classification; bright-center; moderate-radial-banding; low contrast; medium texture
small,10.0,101,1,6,20,0.32367050647735596,0.22663365304470062,4.180817056399357,1,0.5417793702595818,1.1065448335938757,3,0.20779989659786224,0.06682329624891281,6-fold printed classification; dark-center; radially-simple; high contrast; medium texture
small,10.0,102,1,6,20,0.29912590980529785,0.24204885959625244,3.7461393241926078,0,0.2503576045681263,1.1155807676679605,3,0.283549040555954,0.10017935931682587,6-fold printed classification; dark-center; radially-simple; high contrast; medium texture
small,10.0,103,1,6,20,0.2333662062883377,0.23758530616760254,3.1361785891524927,0,0.1476067656496557,1.2112342989924874,3,0.33602091670036316,0.11093983054161072,6-fold printed classification; dark-center; radially-simple; high contrast; low texture
small,10.0,104,1,6,20,0.1737680286169052,0.21514566242694855,2.439782456621861,0,0.1908627230614926,1.217080140354742,4,0.39032888412475586,0.08928414434194565,6-fold printed classification; dark-center; radially-simple; high contrast; low texture
small,10.0,105,1,6,20,0.09546132385730743,0.1480170637369156,1.3022167816624162,1,0.3794966652039463,1.2904849595004246,4,0.38123008608818054,0.05075380951166153,6-fold printed classification; dark-center; radially-simple; medium contrast; low texture
small,10.0,106,1,2,20,0.2949103116989136,0.16234593093395233,4.284754161031328,1,1.5507638340725882,1.2170038947032764,4,0.16420550644397736,0.0686970204114914,2-fold printed classification; bright-center; radially-simple; medium contrast; high texture
small,10.0,107,1,2,20,0.3084792196750641,0.15981274843215942,4.291866960060254,1,1.594253801770926,1.2221077964435643,4,0.17961837351322174,0.07140082865953445,2-fold printed classification; bright-center; radially-simple; medium contrast; high texture
small,10.0,108,1,2,20,0.3165617287158966,0.14738664031028748,4.209136960128971,4,1.3451832713918384,1.227313319457962,4,0.20300620794296265,0.0458482950925827,2-fold printed classification; bright-center; ring-rich; medium contrast; high texture
small,10.0,109,1,2,20,0.3369816839694977,0.14038993418216705,4.17972456093083,4,1.2015574820325705,1.1354959489565264,4,0.1965930014848709,0.035944342613220215,2-fold printed classification; balanced-center; ring-rich; low contrast; medium texture
small,10.0,110,1,2,20,0.321930468082428,0.14370252192020416,4.200987845133082,4,1.2315504551111713,1.1189005500048843,5,0.18621520698070526,0.036238376051187515,2-fold printed classification; balanced-center; ring-rich; low contrast; high texture
small,10.0,111,1,2,20,0.31820040941238403,0.14998184144496918,4.2471793641718,3,1.1779082836110584,1.1555333382403867,5,0.15866336226463318,0.032426346093416214,2-fold printed classification; balanced-center; moderate-radial-banding; medium contrast; high texture
small,10.0,112,1,2,20,0.3250235915184021,0.15297813713550568,4.278911253207313,7,1.13450210693855,1.2171172150416243,3,0.2078074812889099,0.03674090653657913,2-fold printed classification; balanced-center; ring-rich; medium contrast; high texture
small,10.0,113,1,2,20,0.334566593170166,0.15104979276657104,4.252426961349644,3,1.0782798076366915,1.107890210818884,5,0.19119076430797577,0.03494179621338844,2-fold printed classification; balanced-center; moderate-radial-banding; medium contrast; high texture
small,10.0,114,1,2,20,0.36147505044937134,0.1573558896780014,4.241031844179904,2,1.014180337902278,1.0706000930853965,5,0.26235413551330566,0.049466103315353394,2-fold printed classification; balanced-center; moderate-radial-banding; medium contrast; high texture
small,10.0,115,1,2,20,0.37087467312812805,0.1771324723958969,4.338438960307166,2,0.7294154799854429,0.9158151404406104,5,0.3167450726032257,0.0715506374835968,2-fold printed classification; balanced-center; moderate-radial-banding; medium contrast; high texture
small,10.0,116,1,2,20,0.3781627118587494,0.22022640705108643,4.465225844228087,1,0.6546941328151081,0.5770432237980734,5,0.23972652852535248,0.10135584324598312,2-fold printed classification; dark-center; radially-simple; high contrast; high texture
small,10.0,117,1,2,20,0.36066684126853943,0.21894729137420654,4.379123973495684,4,0.9551559534661832,0.8649038258790211,3,0.27819937467575073,0.03434712812304497,2-fold printed classification; balanced-center; ring-rich; high contrast; high texture
small,10.0,118,1,2,20,0.34695881605148315,0.22620733082294464,4.1266831131222474,1,1.7480626028983148,1.2201202946840743,3,0.23930270969867706,0.08838523924350739,2-fold printed classification; bright-center; radially-simple; high contrast; medium texture
small,10.0,119,1,2,20,0.29573312401771545,0.27348437905311584,3.470445228154139,0,3.4010913817311623,1.2413151207080393,4,0.36176344752311707,0.15993434190750122,2-fold printed classification; bright-center; radially-simple; high contrast; low texture
small,10.0,120,1,2,20,0.22639426589012146,0.2646351456642151,2.8192930336138784,0,2.8263479173624386,0.9628350479291101,3,0.3336598873138428,0.11196541041135788,2-fold printed classification; bright-center; radially-simple; high contrast; low texture
small,10.0,121,1,2,20,0.282255619764328,0.2438686043024063,3.5357278719590584,1,2.863420091293008,1.1953221189967829,4,0.29909226298332214,0.12648852169513702,2-fold printed classification; bright-center; radially-simple; high contrast; low texture
small,10.0,122,1,8,20,0.319317489862442,0.13942626118659973,4.129949450892286,3,0.938803721991918,0.9437843395162688,3,0.1990126073360443,0.03738770633935928,8-fold printed classification; balanced-center; moderate-radial-banding; low contrast; medium texture
small,10.0,123,1,8,20,0.3176717162132263,0.14520199596881866,4.200396687514889,4,1.020578666447539,1.0041162495699623,5,0.12178776413202286,0.028808988630771637,8-fold printed classification; balanced-center; ring-rich; low contrast; medium texture
small,10.0,124,1,8,20,0.3138431906700134,0.14999383687973022,4.238351545751531,2,1.1707088541362778,1.0394423098403387,6,0.1126895323395729,0.04377898946404457,8-fold printed classification; balanced-center; moderate-radial-banding; medium contrast; high texture
small,10.0,125,1,8,20,0.3287260830402374,0.13197889924049377,4.092268379998833,4,1.0024990613871059,1.0111905956889733,6,0.15215528011322021,0.032185669988393784,8-fold printed classification; balanced-center; ring-rich; low contrast; medium texture
small,10.0,126,1,8,20,0.34573912620544434,0.12859949469566345,4.068225717983449,4,1.1048300123328911,1.0241938112453493,6,0.1487615406513214,0.030698591843247414,8-fold printed classification; balanced-center; ring-rich; low contrast; medium texture
small,10.0,127,1,8,20,0.36668092012405396,0.12561629712581635,4.043606801888365,3,1.0330925341458603,0.9238058781179396,6,0.15644322335720062,0.029455281794071198,8-fold printed classification; balanced-center; moderate-radial-banding; low contrast; medium texture
small,10.0,128,1,8,20,0.3776412606239319,0.12556405365467072,4.040818397469579,2,1.0530941792991029,0.9395095090707634,6,0.15465514361858368,0.031062118709087372,8-fold printed classification; balanced-center; moderate-radial-banding; low contrast; medium texture
small,10.0,129,1,8,20,0.3933292031288147,0.14324408769607544,4.223325022412286,1,1.164943199441561,0.8701236181646311,6,0.12128735333681107,0.05075456202030182,8-fold printed classification; balanced-center; radially-simple; low contrast; high texture
small,10.0,130,1,8,20,0.40780889987945557,0.1678527593612671,4.42086158398537,2,1.0453618948783363,0.8025427199198262,4,0.13977041840553284,0.054182425141334534,8-fold printed classification; balanced-center; moderate-radial-banding; medium contrast; high texture
small,10.0,131,1,8,20,0.40738043189048767,0.18623051047325134,4.516468799928134,3,0.8885497174236607,0.7661443569927869,4,0.18587370216846466,0.062196034938097,8-fold printed classification; balanced-center; moderate-radial-banding; high contrast; high texture
small,10.0,132,1,8,20,0.3684192895889282,0.18396423757076263,4.488138029996075,2,0.7219654593786661,0.7481080937083727,3,0.2410091757774353,0.06146589294075966,8-fold printed classification; balanced-center; moderate-radial-banding; high contrast; high texture
small,10.0,133,1,8,20,0.2783223092556,0.2062615603208542,4.128108787275259,0,0.4657003993264716,1.072921055683351,4,0.2325712889432907,0.08232731372117996,8-fold printed classification; dark-center; radially-simple; high contrast; medium texture
small,10.0,134,1,8,20,0.33400624990463257,0.1781144142150879,4.370684790103722,2,0.6270986395798479,0.8962560296203371,4,0.18852181732654572,0.06478286534547806,8-fold printed classification; dark-center; moderate-radial-banding; medium contrast; high texture
small,10.0,135,1,8,20,0.24183644354343414,0.22148510813713074,3.379281781785416,1,0.13935279018157326,1.0983629467210925,4,0.2394976168870926,0.11585499346256256,8-fold printed classification; dark-center; radially-simple; high contrast; low texture
small,10.0,136,1,8,20,0.20739425718784332,0.21842403709888458,2.851606230751039,0,0.1540418624827892,1.2526426233097534,3,0.20504894852638245,0.12069495767354965,8-fold printed classification; dark-center; radially-simple; high contrast; low texture
small,10.0,137,1,8,20,0.2121361941099167,0.2207111269235611,2.904299378719817,0,0.15354919064896932,1.2703511580256606,3,0.20179115235805511,0.12218210101127625,8-fold printed classification; dark-center; radially-simple; high contrast; low texture
small,10.0,138,1,8,20,0.16066841781139374,0.20202016830444336,2.2121629800088383,0,0.22703531217666292,1.598886924611663,6,0.24077638983726501,0.10375342518091202,8-fold printed classification; dark-center; radially-simple; high contrast; low texture
small,10.0,139,1,8,20,0.07798963785171509,0.12478044629096985,0.9509222898480747,0,0.6136084118931714,2.136218061701251,6,0.3608230948448181,0.046492841094732285,8-fold printed classification; dark-center; radially-simple; low contrast; low texture
small,10.0,140,1,2,20,0.24459689855575562,0.15978935360908508,4.0607534225929225,1,0.36572580256072457,1.076362897629044,3,0.11410363018512726,0.07409951090812683,2-fold printed classification; dark-center; radially-simple; medium contrast; medium texture
small,10.0,141,1,2,20,0.24995823204517365,0.15369853377342224,4.0355993921923865,1,0.37801308173772025,1.0892601280043228,3,0.12291513383388519,0.07277364283800125,2-fold printed classification; dark-center; radially-simple; medium contrast; medium texture
small,10.0,142,1,2,20,0.2647891342639923,0.1521519273519516,4.050675069175618,1,0.3648228282911782,1.0057122543988166,3,0.15679071843624115,0.07547330856323242,2-fold printed classification; dark-center; radially-simple; medium contrast; medium texture
small,10.0,143,1,2,20,0.2686839997768402,0.153575599193573,4.074599358234546,1,0.34745413542538095,0.9863122160998647,3,0.18713462352752686,0.07685597985982895,2-fold printed classification; dark-center; radially-simple; medium contrast; medium texture
small,10.0,144,1,2,20,0.27504605054855347,0.1512993574142456,4.092122861536275,1,0.37896308156490927,0.9317993610047371,3,0.14118121564388275,0.07346796244382858,2-fold printed classification; dark-center; radially-simple; medium contrast; medium texture
small,10.0,145,1,2,20,0.2838258147239685,0.15080741047859192,4.128527065688398,1,0.40942212062829575,0.9526451996110087,3,0.1798371523618698,0.07041310518980026,2-fold printed classification; dark-center; radially-simple; medium contrast; medium texture
small,10.0,146,1,2,20,0.2863696217536926,0.15343792736530304,4.180146712133104,1,0.42365733541147665,1.03855555821394,3,0.17781034111976624,0.07222793251276016,2-fold printed classification; dark-center; radially-simple; medium contrast; medium texture
small,10.0,147,1,2,20,0.29945695400238037,0.1588805615901947,4.257653919866111,1,0.43091769078916353,0.969447616010664,3,0.14798960089683533,0.07167889922857285,2-fold printed classification; dark-center; radially-simple; medium contrast; high texture
small,10.0,148,1,2/4,20,0.2991936206817627,0.1742568463087082,4.3340695991843,4,0.48864292420726535,0.9701826996453511,3,0.1506391167640686,0.06688421964645386,2/4-fold printed classification; dark-center; ring-rich; medium contrast; high texture
small,10.0,149,1,2/4,20,0.3200816214084625,0.1798701137304306,4.405142515248358,3,0.5510387901278769,0.9307171409630274,4,0.14477400481700897,0.06436977535486221,2/4-fold printed classification; dark-center; moderate-radial-banding; medium contrast; high texture
small,10.0,150,1,4,20,0.3390398919582367,0.17266592383384705,4.414066184779648,2,0.6592660993798407,0.8568383430274252,4,0.1990179568529129,0.056374020874500275,4-fold printed classification; dark-center; moderate-radial-banding; medium contrast; high texture
small,10.0,151,1,4,20,0.3489494025707245,0.16610001027584076,4.376395651940332,2,0.7003975099674793,0.8298522167931882,4,0.21688343584537506,0.04996369406580925,4-fold printed classification; dark-center; moderate-radial-banding; medium contrast; high texture
small,10.0,152,1,unclassified,20,0.27175790071487427,0.1552034318447113,4.1640216687190525,1,0.6255873484166103,1.3638074584932398,3,0.2036590278148651,0.06455495208501816,unclassified/indistinct in printed atlas; dark-center; radially-simple; medium contrast; medium texture
small,10.0,153,1,unclassified,20,0.28074556589126587,0.1629408448934555,4.160332101619289,2,0.6902711749010917,1.3952866678808904,3,0.24388304352760315,0.0653601586818695,unclassified/indistinct in printed atlas; dark-center; moderate-radial-banding; medium contrast; medium texture
small,10.0,154,1,unclassified,20,0.29427921772003174,0.1785815805196762,4.2063481552452116,2,0.6539406393468603,1.388592422763278,3,0.26547032594680786,0.07315456122159958,unclassified/indistinct in printed atlas; dark-center; moderate-radial-banding; medium contrast; high texture
small,10.0,155,1,unclassified,20,0.303604394197464,0.1789046972990036,4.298676473228636,2,0.7994500876579321,1.3520264161367823,3,0.27831998467445374,0.06763489544391632,unclassified/indistinct in printed atlas; balanced-center; moderate-radial-banding; medium contrast; high texture
small,10.0,156,1,unclassified,20,0.302988201379776,0.1713758409023285,4.211596564068463,3,0.9272304610509947,1.48033867772135,4,0.2522689998149872,0.06187581270933151,unclassified/indistinct in printed atlas; balanced-center; moderate-radial-banding; medium contrast; high texture
small,10.0,157,1,unclassified,20,0.28730446100234985,0.15668341517448425,4.045875122912528,2,1.370409005592531,1.2898462617579274,4,0.2155582159757614,0.054023098200559616,unclassified/indistinct in printed atlas; bright-center; moderate-radial-banding; medium contrast; medium texture
small,10.0,158,1,unclassified,20,0.301762193441391,0.18251775205135345,4.202442214839665,2,1.512486594631926,1.0826323501700528,4,0.18473497033119202,0.07766060531139374,unclassified/indistinct in printed atlas; bright-center; moderate-radial-banding; medium contrast; high texture
small,10.0,159,1,unclassified,20,0.26980769634246826,0.18305806815624237,4.231464378327767,3,0.9331433967853978,1.1672235832217643,3,0.17362651228904724,0.037911295890808105,unclassified/indistinct in printed atlas; balanced-center; moderate-radial-banding; high contrast; high texture
small,10.0,160,1,5,20,0.3949064612388611,0.21495355665683746,4.345790184927351,1,1.7849970377610223,1.1369180974694197,5,0.1888047307729721,0.10243111103773117,5-fold printed classification; bright-center; radially-simple; high contrast; high texture
small,10.0,161,1,5,20,0.34286749362945557,0.21154747903347015,4.328991999130788,2,0.4413943394383879,0.867999161338352,3,0.28903117775917053,0.08769839257001877,5-fold printed classification; dark-center; moderate-radial-banding; high contrast; high texture
small,10.0,162,1,5,20,0.2689339220523834,0.19834037125110626,4.097768488000516,2,0.6467277787967872,1.2234906032725497,3,0.14679573476314545,0.08295229077339172,5-fold printed classification; dark-center; moderate-radial-banding; high contrast; medium texture
small,10.0,163,1,5,20,0.1555837094783783,0.20674890279769897,2.0118071696917665,0,0.28605677589813516,1.888295939369826,7,0.14641818404197693,0.10920838266611099,5-fold printed classification; dark-center; radially-simple; high contrast; low texture
small,10.0,164,1,10,20,0.1436169445514679,0.1979023516178131,1.8887802476661943,0,0.28297190180440857,1.8807885552045662,7,0.14025194942951202,0.10284832864999771,10-fold printed classification; dark-center; radially-simple; high contrast; low texture
small,10.0,165,1,10,20,0.12292790412902832,0.18458408117294312,1.5856417905927005,0,0.3577411968929234,2.137542820413511,7,0.19869031012058258,0.09057203680276871,10-fold printed classification; dark-center; radially-simple; high contrast; low texture
small,10.0,166,1,10,20,0.1368655264377594,0.1900932937860489,1.8415555057258601,0,0.30265904395747334,1.96826483099894,7,0.14093148708343506,0.1005328968167305,10-fold printed classification; dark-center; radially-simple; high contrast; low texture
small,10.0,167,1,10,20,0.150495707988739,0.1924443393945694,2.098646040094536,0,0.26840912774521575,1.8559245899792813,3,0.1700706034898758,0.10565870255231857,10-fold printed classification; dark-center; radially-simple; high contrast; low texture
small,10.0,168,1,10,20,0.13866779208183289,0.1895337998867035,1.8360851910914202,0,0.30934017228159216,2.0122931075050614,3,0.25200653076171875,0.10315999388694763,10-fold printed classification; dark-center; radially-simple; high contrast; low texture
small,10.0,169,1,10,20,0.117982417345047,0.1793178766965866,1.5313524425368945,0,0.4306904401733218,2.649311883845164,7,0.20770739018917084,0.0915575623512268,10-fold printed classification; dark-center; radially-simple; medium contrast; low texture
small,10.0,170,1,10,20,0.08116506040096283,0.13972769677639008,0.9579095639456362,0,0.7315396289615577,3.1833508212754986,8,0.3522081971168518,0.05780268460512161,10-fold printed classification; balanced-center; radially-simple; low contrast; low texture
small,10.0,171,1,10,20,0.11741884052753448,0.17281891405582428,1.6203642081016107,0,0.4030402779158999,2.446131169022763,3,0.12950776517391205,0.08889874070882797,10-fold printed classification; dark-center; radially-simple; medium contrast; low texture
small,10.0,172,1,10,20,0.08571071177721024,0.1422438621520996,1.1251475467967564,0,0.678455260946067,3.0674345576473616,8,0.3455110490322113,0.06192607060074806,10-fold printed classification; dark-center; radially-simple; low contrast; low texture
small,10.0,173,1,unclassified,20,0.03968634828925133,0.0019950291607528925,0.008899540267134447,0,0.999162421834784,0.9904983898572784,3,0.057525742799043655,0.00028740480775013566,unclassified/indistinct in printed atlas; balanced-center; radially-simple; low contrast; low texture
small,10.0,174,1,unclassified,20,0.039675530046224594,0.001615935005247593,0.00056446011059123,0,1.0103336103982024,0.9897597876959474,3,0.09444497525691986,0.00035254895919933915,unclassified/indistinct in printed atlas; balanced-center; radially-simple; low contrast; low texture
small,10.0,175,1,2,20,0.2838255763053894,0.1477764993906021,4.111421491003952,0,1.4653748791780068,1.301364598176887,4,0.29235294461250305,0.05076956748962402,2-fold printed classification; bright-center; radially-simple; medium contrast; medium texture
small,10.0,176,1,2,20,0.274911105632782,0.14020973443984985,4.0683098767755705,0,1.4196702975198499,1.3103395999261467,4,0.2640545666217804,0.05093909054994583,2-fold printed classification; bright-center; radially-simple; low contrast; medium texture
small,10.0,177,1,2,20,0.257493257522583,0.13202857971191406,3.9907179911982293,0,1.3413578199170582,1.3894709511951138,4,0.27370792627334595,0.051238276064395905,2-fold printed classification; bright-center; radially-simple; low contrast; medium texture
small,10.0,178,1,2,20,0.25027382373809814,0.1305188685655594,3.981325143526735,1,1.2560128298044777,1.349704960572271,4,0.2882874310016632,0.04482278600335121,2-fold printed classification; balanced-center; radially-simple; low contrast; medium texture
small,10.0,179,1,2,20,0.24908216297626495,0.1391431838274002,4.021737068072622,1,1.343065826781528,1.3812287249344704,4,0.272174596786499,0.04568387567996979,2-fold printed classification; bright-center; radially-simple; low contrast; medium texture
small,10.0,180,1,2,20,0.24640628695487976,0.13096560537815094,3.9692382597844773,0,1.3343783095860475,1.2665785303041255,4,0.29981735348701477,0.03946472331881523,2-fold printed classification; bright-center; radially-simple; low contrast; medium texture
small,10.0,181,1,2,20,0.2508831322193146,0.13088078796863556,3.9745965177542804,0,1.2797091675958905,1.223959346862549,4,0.3188400864601135,0.040145013481378555,2-fold printed classification; balanced-center; radially-simple; low contrast; medium texture
small,10.0,182,1,2,20,0.25513938069343567,0.13260243833065033,4.0007984581828655,0,1.2746305322427582,1.2536166922361864,4,0.2942776083946228,0.042194727808237076,2-fold printed classification; balanced-center; radially-simple; low contrast; medium texture
small,10.0,183,1,2,20,0.2627544701099396,0.13878434896469116,4.07149434041278,1,1.2962169943249235,1.230507230260291,4,0.2535983920097351,0.037555091083049774,2-fold printed classification; bright-center; radially-simple; low contrast; medium texture
small,10.0,184,1,2,20,0.26500412821769714,0.1436709463596344,4.125691947609501,0,1.253062795136596,1.1716173496301225,4,0.2291560024023056,0.037584301084280014,2-fold printed classification; balanced-center; radially-simple; low contrast; medium texture
small,10.0,185,1,2,20,0.26559850573539734,0.14725889265537262,4.144301940732534,3,1.1021981756532855,1.0696023100713252,4,0.2002166509628296,0.02481197752058506,2-fold printed classification; balanced-center; moderate-radial-banding; low contrast; medium texture
small,10.0,186,1,2,20,0.28264757990837097,0.1628468930721283,4.252659020068763,2,1.2500716033925654,1.124507446251377,4,0.22638267278671265,0.03326139226555824,2-fold printed classification; balanced-center; moderate-radial-banding; medium contrast; high texture
small,10.0,187,1,2,20,0.2937038540840149,0.1655139923095703,4.293148525537214,3,1.155938845193878,0.9689257151499744,4,0.27246230840682983,0.02052486315369606,2-fold printed classification; balanced-center; moderate-radial-banding; medium contrast; high texture
small,10.0,188,1,2/6,20,0.32174766063690186,0.15125255286693573,4.252038428190811,2,1.2480670158453455,0.9097526646578367,4,0.21944309771060944,0.03559242933988571,2/6-fold printed classification; balanced-center; moderate-radial-banding; medium contrast; high texture
small,10.0,189,1,2/6,20,0.33634597063064575,0.14343135058879852,4.21542086220298,2,1.1994983455261963,0.8846641896834423,4,0.18820030987262726,0.03475326672196388,2/6-fold printed classification; balanced-center; moderate-radial-banding; low contrast; high texture
small,10.0,190,1,6,20,0.3576361835002899,0.14351575076580048,4.2262315819282605,1,1.2658978259986553,0.91346349672369,3,0.16156286001205444,0.04578327015042305,6-fold printed classification; balanced-center; radially-simple; low contrast; high texture
small,10.0,191,1,6,20,0.3804851472377777,0.14682520925998688,4.240262531219456,1,1.239557423998997,0.9395321877893513,3,0.2018471509218216,0.043377768248319626,6-fold printed classification; balanced-center; radially-simple; low contrast; high texture
small,10.0,192,1,6,20,0.3895638585090637,0.1621895432472229,4.351942707441271,1,1.173375453631718,0.8963022852628487,3,0.17990364134311676,0.040122970938682556,6-fold printed classification; balanced-center; radially-simple; medium contrast; high texture
small,10.0,193,1,6,20,0.4046301245689392,0.1772044450044632,4.493971747915474,2,1.2227572968199785,0.9086750742494374,4,0.16663873195648193,0.04486136510968208,6-fold printed classification; balanced-center; moderate-radial-banding; medium contrast; high texture
small,10.0,194,1,6,20,0.4202311933040619,0.18512316048145294,4.562144952454911,1,1.3767522361196158,0.9325989101839397,4,0.19166144728660583,0.05995054543018341,6-fold printed classification; bright-center; radially-simple; high contrast; high texture
small,10.0,195,1,2,20,0.32016757130622864,0.17497624456882477,4.4196510397704865,4,1.0509015530529362,1.2218692821328092,3,0.2198241502046585,0.05480078607797623,2-fold printed classification; balanced-center; ring-rich; medium contrast; high texture
small,10.0,196,1,2,20,0.33581411838531494,0.18231305480003357,4.464469098603358,3,0.8091523500114186,1.050257401496815,3,0.2883731424808502,0.05110229551792145,2-fold printed classification; balanced-center; moderate-radial-banding; medium contrast; high texture
small,10.0,197,1,2,20,0.3343623876571655,0.17231935262680054,4.413584534141149,3,0.9646555839640668,0.9438068323598542,3,0.25792330503463745,0.04400736838579178,2-fold printed classification; balanced-center; moderate-radial-banding; medium contrast; high texture
small,10.0,198,1,2,20,0.326992928981781,0.1590977907180786,4.303091303632212,3,1.2176634196471894,0.9962922518560992,3,0.1788126528263092,0.035384587943553925,2-fold printed classification; balanced-center; moderate-radial-banding; medium contrast; high texture
small,10.0,199,1,2,20,0.3273867070674896,0.17254221439361572,4.367749198788778,3,1.2900821558885804,0.9406350298840072,4,0.1684284210205078,0.04383257031440735,2-fold printed classification; bright-center; moderate-radial-banding; medium contrast; high texture
